model_path;filename;url
triumf+ciklon;tricyc (7).JPG;https://drive.google.com/uc?export=download&id=1KY9Ni6dh9f1Q-50bMSrcB2dERE0N-7fC
triumf+ciklon;tricyc (9).JPG;https://drive.google.com/uc?export=download&id=1DiC0y4Mh5l_fy49-Aa4JXNaQVaepN2Ne
triumf+ciklon;tricyc (8).JPG;https://drive.google.com/uc?export=download&id=1Csb8JfNRf6X0URFFrhnasQ9xnzJ2b30I
triumf+ciklon;tricyc (6).JPG;https://drive.google.com/uc?export=download&id=1RxKKmAjcMubsT4HZ8xdb-QufcOydDZBi
triumf+ciklon;tricyc (5).JPG;https://drive.google.com/uc?export=download&id=1a5k07mqCU35eocNuvLePHNr6xvkUiS9s
triumf+ciklon;tricyc (2).JPG;https://drive.google.com/uc?export=download&id=1_Uh-mXjKx5VSR6LJ-5TR70obzbiVBBxi
triumf+ciklon;tricyc (3).JPG;https://drive.google.com/uc?export=download&id=1YGxG9eJWcZU3-cb9bs7nV922k1DGbxrJ
triumf+ciklon;tricyc (4).JPG;https://drive.google.com/uc?export=download&id=14dM4zmpmyY6ll5-waKP882T5ZQIkbasK
triumf+ciklon;tricyc (12).JPG;https://drive.google.com/uc?export=download&id=1sYWH_OJiWo7DDoeHKf6Vbt11h_kM2vVZ
triumf+ciklon;tricyc (14).JPG;https://drive.google.com/uc?export=download&id=1prQxK5bAIKfv_Lrwp5qD6Y6AVH8wM5-d
triumf+ciklon;tricyc (13).JPG;https://drive.google.com/uc?export=download&id=17mZuB4NBZPOUhQno9RTQ4mJRSZ8PhdK_
triumf+ciklon;tricyc (11).JPG;https://drive.google.com/uc?export=download&id=1Lta5x9mQHg24zOOi2cf8ZHi4KN6tgNu3
triumf+ciklon;tricyc (10).JPG;https://drive.google.com/uc?export=download&id=1q99oBbY6dxSD9X41tgpg45V6hb0BxDMQ
triumf+ciklon;tricyc (1).JPG;https://drive.google.com/uc?export=download&id=1skCJ4IkIVLABgWNrtjk97I7KHe3WG2TS
ciklon/ciklon4;cyc4_skl_r (3).JPG;https://drive.google.com/uc?export=download&id=1JTw0CuFdGjBVihjNTYvKjnt363tEbKVb
ciklon/ciklon4;cyc4_skl_r (2).JPG;https://drive.google.com/uc?export=download&id=1hQym-O2aZWSt6krBSqi-bvr0Wsrh68Jl
ciklon/ciklon4;cyc4_skl_r (1).JPG;https://drive.google.com/uc?export=download&id=1TyjOt_T3NORC-BA_A7oDu-5mZ-ZInJho
ciklon/ciklon4;cyc4_skl_mkr.JPG;https://drive.google.com/uc?export=download&id=1plmnhB2lGSE0TeESo0FrQ_RueiWSJhCS
ciklon/ciklon4;cyc4_skl_l (3).JPG;https://drive.google.com/uc?export=download&id=1T9evrXxTSLBBpVpeveZL03N-ZC_lVBJi
ciklon/ciklon4;cyc4_skl_l (2).JPG;https://drive.google.com/uc?export=download&id=1KAZ-5a02HafNH1LqjNhal-HrEUlSQO92
ciklon/ciklon4;cyc4_skl_l (1).JPG;https://drive.google.com/uc?export=download&id=1n9G4IMTOCu3Z3ZCRQWVTnyRIgYBwpwmA
ciklon/ciklon4;cyc4_skl_fr (2).JPG;https://drive.google.com/uc?export=download&id=1claGGz4fLqOYc7cv4xzEaRsS__VOjg3y
ciklon/ciklon4;cyc4_skl_fr (1).JPG;https://drive.google.com/uc?export=download&id=1ksKIjIZkifS3txuzUo3GcseRvKGWTzUm
ciklon/ciklon4;cyc4_skl_b (6).JPG;https://drive.google.com/uc?export=download&id=11eRHJ2F4DPQa1Kg00m9x44YEHI7b85D4
ciklon/ciklon4;cyc4_skl_b (5).JPG;https://drive.google.com/uc?export=download&id=1ySkjw3DHP7QaFE4z5P0SuLKx13Jn35WZ
ciklon/ciklon4;cyc4_skl_b (4).JPG;https://drive.google.com/uc?export=download&id=1UECfG4OxSZSOuwTQJBz1m2ZV96FRswnd
ciklon/ciklon4;cyc4_skl_b (3).JPG;https://drive.google.com/uc?export=download&id=1TTF8cylnq4tJLhQZ6T2Jmpb96GOo4Z2-
ciklon/ciklon4;cyc4_skl_b (2).JPG;https://drive.google.com/uc?export=download&id=1raT3ANVpAsMBLXHy_DpWkrtTjfdWBus7
ciklon/ciklon4;cyc4_skl_b (1).JPG;https://drive.google.com/uc?export=download&id=1dUdxwq6On24xH2xnC6HJb3cSX1-gKdWo
ciklon/ciklon4;cyc4_osb_r (3).JPG;https://drive.google.com/uc?export=download&id=1eW5l8Y6ITCMggzzDCjvG3f1wKtaXSbV0
ciklon/ciklon4;cyc4_osb_r (2).JPG;https://drive.google.com/uc?export=download&id=1RoMu69dBzxaoweZAMgZUISQO5uKr5K7F
ciklon/ciklon4;cyc4_osb_r (1).JPG;https://drive.google.com/uc?export=download&id=1XjbTRDo1nFV3WQBPNOOdtvFtWuXvSQ_f
ciklon/ciklon4;cyc4_osb_l (4).JPG;https://drive.google.com/uc?export=download&id=1vvwQaspTKKrVWxwIis09HE2yh1UGXrsA
ciklon/ciklon4;cyc4_osb_l (3).JPG;https://drive.google.com/uc?export=download&id=1KjeC7VnQsAUkT_T5CyaQA-QGsIeUqIHF
ciklon/ciklon4;cyc4_osb_l (2).JPG;https://drive.google.com/uc?export=download&id=1IM30t1ZXiIWhLjqHXf-5xy7Kocn9Pkne
ciklon/ciklon4;cyc4_osb_l (1).JPG;https://drive.google.com/uc?export=download&id=1BollPVzhY3wg_Fwyb6hqKEW0uA44x7B-
ciklon/ciklon4;cyc4_osb_fr (2).JPG;https://drive.google.com/uc?export=download&id=1CQ1YXExysBIg5-4MxfTnXdq5GGFezii_
ciklon/ciklon4;cyc4_osb_fr (1).JPG;https://drive.google.com/uc?export=download&id=1zUEKNmly_Mtcxav8_uWr07kuldQFEs0O
ciklon/ciklon4;cyc4_osb_b (6).JPG;https://drive.google.com/uc?export=download&id=1mYWR7pBqbRieY6fUI1VwJC-0ec7PPKo8
ciklon/ciklon4;cyc4_osb_b (5).JPG;https://drive.google.com/uc?export=download&id=1AyV_bEPHGytmThQ-VevwoW7oShJ1SmsN
ciklon/ciklon4;cyc4_osb_b (4).JPG;https://drive.google.com/uc?export=download&id=1ZIPBc9psAl1WvaTqRjQN7CmYhOXyhumm
ciklon/ciklon4;cyc4_osb_b (3).JPG;https://drive.google.com/uc?export=download&id=1hqjyN4KAfrYg-F2ZQXSTooKxpSg1LEXT
ciklon/ciklon4;cyc4_osb_b (2).JPG;https://drive.google.com/uc?export=download&id=1b7qsLsrQHP4tiQqn7dHlA2DLS9_2LMTL
ciklon/ciklon4;cyc4_osb_b (1).JPG;https://drive.google.com/uc?export=download&id=1UhaRtT4xpcG4mF9PkTbymThudFLeCTHm
ciklon/ciklon4;cyc4_lg_r (2).JPG;https://drive.google.com/uc?export=download&id=15T6UZ1I_s24iY_I08TY23vwZV_gXC77w
ciklon/ciklon4;cyc4_lg_r (1).JPG;https://drive.google.com/uc?export=download&id=1lQ9Pd_x7pV6Wg76vVVfg2smJ9fLYzt7f
ciklon/ciklon4;cyc4_lg_l (4).JPG;https://drive.google.com/uc?export=download&id=1ZHgaYUUNZvTo_GZATyuUMhUaulNJZL3M
ciklon/ciklon4;cyc4_lg_l (3).JPG;https://drive.google.com/uc?export=download&id=10fkXLtpCQkE_rtUR8mhXxkT0a7KEYEBO
ciklon/ciklon4;cyc4_lg_l (2).JPG;https://drive.google.com/uc?export=download&id=1HlBW1Srzpisdpoz4J5PRQK5KMXUekmP9
ciklon/ciklon4;cyc4_lg_l (1).JPG;https://drive.google.com/uc?export=download&id=1SstsdnTvHXv683H8accKB3FBS2omgnd0
ciklon/ciklon4;cyc4_lg_fr (4).JPG;https://drive.google.com/uc?export=download&id=1mG6blNoHx0JX_7C8TMpCyMkU3l-oXXnB
ciklon/ciklon4;cyc4_lg_fr (3).JPG;https://drive.google.com/uc?export=download&id=14Dn038DNZayZTdjCgOg8LuBTIvAIPwOb
ciklon/ciklon4;cyc4_lg_fr (2).JPG;https://drive.google.com/uc?export=download&id=1k_b2VU7Wc4ed1OXGN-KrwteOb9iNGMBE
ciklon/ciklon4;cyc4_lg_fr (1).JPG;https://drive.google.com/uc?export=download&id=1MKxuRjaDXLjKctXRr4I4vwsx-Fv1IXAu
ciklon/ciklon4;cyc4_lg_b (3).JPG;https://drive.google.com/uc?export=download&id=1D1nThqxh2BjmXUCi25fI9TTQRRyQ-yiK
ciklon/ciklon4;cyc4_lg_b (1).JPG;https://drive.google.com/uc?export=download&id=11oafFDgVBpznX6mwu5zuSjES67HKKsBK
ciklon/ciklon4;cyc4_lg_b (2).JPG;https://drive.google.com/uc?export=download&id=11hz61OJjWz-WN1xLhM6LE3550CoWXSnT
ciklon/ciklon4;cyc4_kr_r (5).JPG;https://drive.google.com/uc?export=download&id=1KlbOlmeZ1GeRisDlLovO-G2DmwHl8lAF
ciklon/ciklon4;cyc4_kr_r (4).JPG;https://drive.google.com/uc?export=download&id=16jCAnvHoD7aLQtp9o3G4wu52evYgsGuK
ciklon/ciklon4;cyc4_kr_r (3).JPG;https://drive.google.com/uc?export=download&id=1TMiy8jkoE569rtsrMiyuzhushHaWFZiP
ciklon/ciklon4;cyc4_kr_r (2).JPG;https://drive.google.com/uc?export=download&id=1Sko-NVwMg21-HQLoSfJkXqJd2S7Dl_Bi
ciklon/ciklon4;cyc4_kr_r (1).JPG;https://drive.google.com/uc?export=download&id=1uc91hj8hX0htV5PyTkHuAo1jkWvfgCgj
ciklon/ciklon4;cyc4_kr_l (6).JPG;https://drive.google.com/uc?export=download&id=1P7cJdqRjJ3He6plLt1mb1x0ySo0mj0rw
ciklon/ciklon4;cyc4_kr_l (5).JPG;https://drive.google.com/uc?export=download&id=1-IzHi9iGETaMs09cuLHWJoiBGVI72YO_
ciklon/ciklon4;cyc4_kr_l (4).JPG;https://drive.google.com/uc?export=download&id=1JOM9k4Ti3bGuMjOg0BBEF3KLZjVbPcEe
ciklon/ciklon4;cyc4_kr_l (3).JPG;https://drive.google.com/uc?export=download&id=1DhixQHJ4hlJzX6LejFpYQa6vEKFflkyS
ciklon/ciklon4;cyc4_kr_l (2).JPG;https://drive.google.com/uc?export=download&id=1LipKE-ysGK9MC_n_3IlYZCTpnCSyjczT
ciklon/ciklon4;cyc4_kr_l (1).JPG;https://drive.google.com/uc?export=download&id=1wv6lgGR6lmxASj-4VL0zmBqLptcHiHMT
ciklon/ciklon4;cyc4_kr_fr (2).JPG;https://drive.google.com/uc?export=download&id=1-A5sauA0s6PEaGVsAtrfjVsEyRKXOwp7
ciklon/ciklon4;cyc4_kr_fr (1).JPG;https://drive.google.com/uc?export=download&id=11g1_HiqJk4sV_6sEajyoo_72cqLFy-AM
ciklon/ciklon4;cyc4_kr_b (2).JPG;https://drive.google.com/uc?export=download&id=1hMsn-5tSFxXZvrnfU78LxNPWItU5wNfQ
ciklon/ciklon4;cyc4_kr_b (1).JPG;https://drive.google.com/uc?export=download&id=1ZF-aQLacWeI_0G4FzD4gsI7Y9HNFwLr0
ciklon/ciklon4;cyc4_gb_r (3).JPG;https://drive.google.com/uc?export=download&id=16yuAe88rr9n_OO7XVJRH8sNgqLlp9-gN
ciklon/ciklon4;cyc4_gb_r (2).JPG;https://drive.google.com/uc?export=download&id=1mWoNPro-qcS3JTI9cKOn8ZfqLK95hSgV
ciklon/ciklon4;cyc4_gb_r (1).JPG;https://drive.google.com/uc?export=download&id=1R9LURk2F4H17dCa1S5F4k7tsLOsdt2vM
ciklon/ciklon4;cyc4_gb_mkr.JPG;https://drive.google.com/uc?export=download&id=1ZikPX4NPlFR8RB25UCOVexTxmhGrK4Yb
ciklon/ciklon4;cyc4_gb_l.JPG;https://drive.google.com/uc?export=download&id=1JV8jvxWrfv1M7mJzvL2r1DAxoW2BpMad
ciklon/ciklon4;cyc4_gb_fr.JPG;https://drive.google.com/uc?export=download&id=11y3u51TdNabzHmZ4Z3SNp2gYl554kbG8
ciklon/ciklon4;cyc4_gb_b (2).JPG;https://drive.google.com/uc?export=download&id=19JRpGGBQEKGUjiVUdU_YSZyEx7E0mAY4
ciklon/ciklon4;cyc4_gb_b (1).JPG;https://drive.google.com/uc?export=download&id=1A7D23lSk7QRkgq92iTszvYXAr5vV7B7i
ciklon/ciklon3;cyc3_skl_r (4).JPG;https://drive.google.com/uc?export=download&id=148b4SC9hbZcFXG7R0iOluKMRVM5Bh8Xm
ciklon/ciklon3;cyc3_skl_r (3).JPG;https://drive.google.com/uc?export=download&id=179sfUYfQ6BXM_btuxRVurLSampZymwE2
ciklon/ciklon3;cyc3_skl_r (2).JPG;https://drive.google.com/uc?export=download&id=1ASJ95cYZRaSLtgwfcM-BIa7Key09JF2k
ciklon/ciklon3;cyc3_skl_r (1).JPG;https://drive.google.com/uc?export=download&id=1lcRPOkUL0lW_d57VlPMLPSb4Jl0PM-H2
ciklon/ciklon3;cyc3_skl_mkr.JPG;https://drive.google.com/uc?export=download&id=1u1THkOb6iVueOppBdUcoUiEoLhltqzFd
ciklon/ciklon3;cyc3_skl_l (8).JPG;https://drive.google.com/uc?export=download&id=1XnnA9jD4vN5pc7uA2K74HfeJjOfwQ3he
ciklon/ciklon3;cyc3_skl_l (6).JPG;https://drive.google.com/uc?export=download&id=1dlVZPmH7yICg58LOZRrC0NvBhOMoo_rM
ciklon/ciklon3;cyc3_skl_l (7).JPG;https://drive.google.com/uc?export=download&id=1E36gHzRaEqw3kv9FGVLddHtNQCTkL12T
ciklon/ciklon3;cyc3_skl_l (5).JPG;https://drive.google.com/uc?export=download&id=1Mks0pFr1Xhnv8SpHY5dBbuSSxMeST9cB
ciklon/ciklon3;cyc3_skl_l (4).JPG;https://drive.google.com/uc?export=download&id=1HasvisY7buRpGeLk5WnHBm6KuYA4z2S1
ciklon/ciklon3;cyc3_skl_l (3).JPG;https://drive.google.com/uc?export=download&id=10npo7aGEmazOtmGQRSge-761Xluee9Z0
ciklon/ciklon3;cyc3_skl_l (2).JPG;https://drive.google.com/uc?export=download&id=10Z283y1NBJa1Q4OBmkluwx79m6yO4jgf
ciklon/ciklon3;cyc3_skl_l (1).JPG;https://drive.google.com/uc?export=download&id=1-uZxfwA3_lXI-UrUe8cygcnipAVpcwFw
ciklon/ciklon3;cyc3_skl_fr (5).JPG;https://drive.google.com/uc?export=download&id=19YgQ3S08wCSLupHS40GQH5J9HRz8XH2m
ciklon/ciklon3;cyc3_skl_fr (4).JPG;https://drive.google.com/uc?export=download&id=1AZaAlqeTBEpsgl9Rj-n7O2MnUWXJwqSv
ciklon/ciklon3;cyc3_skl_fr (3).JPG;https://drive.google.com/uc?export=download&id=149lE_766HzCbOFzj6VKn5s8OzpF1F1Il
ciklon/ciklon3;cyc3_skl_fr (1).JPG;https://drive.google.com/uc?export=download&id=15sIYF2eacPuDISCyBy5OTuaT_ps8SvSl
ciklon/ciklon3;cyc3_skl_fr (2).JPG;https://drive.google.com/uc?export=download&id=1u0btyfADxlbqjY1VsQz1TBz_lt6HaWI8
ciklon/ciklon3;cyc3_skl_b (9).JPG;https://drive.google.com/uc?export=download&id=1E3VMTnv3arolT44g3vA6RKzC2Xyl8fAc
ciklon/ciklon3;cyc3_skl_b (8).JPG;https://drive.google.com/uc?export=download&id=1GPCfE0wB6jzALVfHpTfVCUyIpAaZmrRI
ciklon/ciklon3;cyc3_skl_b (7).JPG;https://drive.google.com/uc?export=download&id=1nlzvZcYJoixZP5lGe1N8rxVEiujxmBi7
ciklon/ciklon3;cyc3_skl_b (6).JPG;https://drive.google.com/uc?export=download&id=1V6qfEa9Srv9Un9ellrVh4yLRx9ynf32d
ciklon/ciklon3;cyc3_skl_b (5).JPG;https://drive.google.com/uc?export=download&id=1L_GoRbXn73v53Fl8W_5g9mHlwHbJ2_Zq
ciklon/ciklon3;cyc3_skl_b (4).JPG;https://drive.google.com/uc?export=download&id=1f5SwGM-zLPlLUtGO8k9r0ZZAvZNMXypB
ciklon/ciklon3;cyc3_skl_b (3).JPG;https://drive.google.com/uc?export=download&id=1hkm3E97qh_oz3HW7T4x2gdMunBaip4FW
ciklon/ciklon3;cyc3_skl_b (2).JPG;https://drive.google.com/uc?export=download&id=1B1szIVxtiywtfshP3hVSaeo1twOYQRxK
ciklon/ciklon3;cyc3_skl_b (13).JPG;https://drive.google.com/uc?export=download&id=1_qoy-17njrvpbHxtiqTRPotbznXsau0C
ciklon/ciklon3;cyc3_skl_b (12).JPG;https://drive.google.com/uc?export=download&id=1ECRO-lOmvaQ-Brp2kNVhDiu7-9GUxiS7
ciklon/ciklon3;cyc3_skl_b (11).JPG;https://drive.google.com/uc?export=download&id=1LYzopVs2qBvUawBlhQIInY46rLl7si3J
ciklon/ciklon3;cyc3_skl_b (10).JPG;https://drive.google.com/uc?export=download&id=1qGU_N8lG6ChIDdx_8ho6tb2gTd2lHw20
ciklon/ciklon3;cyc3_skl_b (1).JPG;https://drive.google.com/uc?export=download&id=13lb4EGDHfDnxjiKDlsb517YurxoPQweR
ciklon/ciklon3;cyc3_osb_r.JPG;https://drive.google.com/uc?export=download&id=1pkXCBy_9e3VPN5cCxn_qXZhptyqXWNW0
ciklon/ciklon3;cyc3_osb_mkr.JPG;https://drive.google.com/uc?export=download&id=1enUmcqagt4926fbjF1U4ccLvPUOy_rqS
ciklon/ciklon3;cyc3_osb_l (3).JPG;https://drive.google.com/uc?export=download&id=1WfGaJHS9HX1nF6VZInrvfGkAzhjdp0YY
ciklon/ciklon3;cyc3_osb_l (2).JPG;https://drive.google.com/uc?export=download&id=1tw5TRYJ3HodG6-U9irUQJ6j8TwKB5AKA
ciklon/ciklon3;cyc3_osb_l (1).JPG;https://drive.google.com/uc?export=download&id=1tsN3jw1jZll1-0bkcV0-GdsuyPFW_Bd1
ciklon/ciklon3;cyc3_osb_b (2).JPG;https://drive.google.com/uc?export=download&id=1LoG3EZkyoim9S04Wn-tZBpIHbbohpBZL
ciklon/ciklon3;cyc3_osb_b (1).JPG;https://drive.google.com/uc?export=download&id=1IK4ZegcnCKgRZjIwIYyt-XUELYZztqgs
ciklon/ciklon3;cyc3_lg_r (2).JPG;https://drive.google.com/uc?export=download&id=1BsoX7O4362luhYhGGsD7AH69kj5DngPY
ciklon/ciklon3;cyc3_lg_r (1).JPG;https://drive.google.com/uc?export=download&id=1m14OxDNhpCQaqQIPO6hxAPmEnY2wK2jK
ciklon/ciklon3;cyc3_lg_mkr (2).JPG;https://drive.google.com/uc?export=download&id=1OgEjDkZBHLqR3Xehr-IAmudy-Lc5K3B-
ciklon/ciklon3;cyc3_lg_mkr (1).JPG;https://drive.google.com/uc?export=download&id=14i4lHxK_ys7geqjPBU4amtQal3Y7A0F1
ciklon/ciklon3;cyc3_lg_l (5).JPG;https://drive.google.com/uc?export=download&id=1mVWssspy-6knAq5nBHLMVRBbvegrY4yH
ciklon/ciklon3;cyc3_lg_l (4).JPG;https://drive.google.com/uc?export=download&id=1G6kiCKg84VrA-rByr5GVoKLyJf_6QqJ_
ciklon/ciklon3;cyc3_lg_l (3).JPG;https://drive.google.com/uc?export=download&id=13Ip1ydGte8I-DOp-ltlvEfzPYNC0HfQL
ciklon/ciklon3;cyc3_lg_l (2).JPG;https://drive.google.com/uc?export=download&id=1N5EomI0sERnB_PHiw3K6cXR0UoXP-VPR
ciklon/ciklon3;cyc3_lg_l (1).JPG;https://drive.google.com/uc?export=download&id=1UQuxruxrBmEKAMLWBgEzgze94j-S0HAw
ciklon/ciklon3;cyc3_lg_fr (2).JPG;https://drive.google.com/uc?export=download&id=1SQiNgEzGOJJOysOiSXfj2_tOgsEHpwUK
ciklon/ciklon3;cyc3_lg_fr (1).JPG;https://drive.google.com/uc?export=download&id=1aVwIwjLgwcq5JKJSgCUPdQ8o36mkG4UV
ciklon/ciklon3;cyc3_lg_b (6).JPG;https://drive.google.com/uc?export=download&id=1CjMz9iLrQtpP4tweI_xgP-Mq5ysSWWai
ciklon/ciklon3;cyc3_lg_b (5).JPG;https://drive.google.com/uc?export=download&id=1RVQlPPtr56UMmf3g6pk9sNltfjdhBD-n
ciklon/ciklon3;cyc3_lg_b (4).JPG;https://drive.google.com/uc?export=download&id=1RH6u10DVv9T0gBYKW-Z514sbwMRm_5ZA
ciklon/ciklon3;cyc3_lg_b (3).JPG;https://drive.google.com/uc?export=download&id=18DNeNvh2mjv2TtxYot-FEBUISwoDhWBQ
ciklon/ciklon3;cyc3_lg_b (2).JPG;https://drive.google.com/uc?export=download&id=1Hes3vWJ8uVY4mgVoMGFJBBXIGYXI61o4
ciklon/ciklon3;cyc3_lg_b (1).JPG;https://drive.google.com/uc?export=download&id=1tLchVjOjOQogU-fjp5__DC3VvRLH2bu2
ciklon/ciklon3;cyc3_kr_r (6).JPG;https://drive.google.com/uc?export=download&id=1CUyGZmTTetSfEvLlpCmVCAlxJ9c0SclM
ciklon/ciklon3;cyc3_kr_r (5).JPG;https://drive.google.com/uc?export=download&id=1WAHoMRd1yWxIY5YqJ2cD46pzpEv0VoJ6
ciklon/ciklon3;cyc3_kr_r (4).JPG;https://drive.google.com/uc?export=download&id=1dzF956dHMeaBOFL3-4uxPyUlK1j3GV32
ciklon/ciklon3;cyc3_kr_r (3).JPG;https://drive.google.com/uc?export=download&id=1XNTw9Z_PSg549Mo0QKHJir9iYze4WcHK
ciklon/ciklon3;cyc3_kr_r (2).JPG;https://drive.google.com/uc?export=download&id=1tZuhhCUuAxNDV9l7Pq-Oz8tvsTdGr9te
ciklon/ciklon3;cyc3_kr_r (1).JPG;https://drive.google.com/uc?export=download&id=1Cjy-UJeXN_-UehCrh4s6radh0AJx7ozr
ciklon/ciklon3;cyc3_kr_l (6).JPG;https://drive.google.com/uc?export=download&id=1IA0k_Lm5bHEqdyxZ-gEzaxC__CFhR_iT
ciklon/ciklon3;cyc3_kr_l (5).JPG;https://drive.google.com/uc?export=download&id=1xpEJpoNVdIp036pWZ6TgCqz2WYJNcoMW
ciklon/ciklon3;cyc3_kr_l (4).JPG;https://drive.google.com/uc?export=download&id=1hj9V03007x2Zzv6DC5EmlP_-K8ESg6Py
ciklon/ciklon3;cyc3_kr_l (3).JPG;https://drive.google.com/uc?export=download&id=107044SPhoKU361O_nocAa6acJizQLet3
ciklon/ciklon3;cyc3_kr_l (2).JPG;https://drive.google.com/uc?export=download&id=1o3PhXYNL3FABvgT46NCT_oPsr_mXnYJY
ciklon/ciklon3;cyc3_kr_l (1).JPG;https://drive.google.com/uc?export=download&id=1T1JFkIaKD1Wt8DkIoP1voKg9dsPJj4kB
ciklon/ciklon3;cyc3_kr_fr (3).JPG;https://drive.google.com/uc?export=download&id=1o34Z90e2zVWva20tAcZoQ513HcK7OQlz
ciklon/ciklon3;cyc3_kr_fr (2).JPG;https://drive.google.com/uc?export=download&id=1oMHanin4flqpfrcjHa3iSI7VPkBQLbjn
ciklon/ciklon3;cyc3_kr_fr (1).JPG;https://drive.google.com/uc?export=download&id=1YJ_P6PEYNB3esNY487WQirpf-IJQLaIo
ciklon/ciklon3;cyc3_kr_b (6).JPG;https://drive.google.com/uc?export=download&id=1jcAXJhSx3-bd_e8-ss4AXe_5Ljci4puY
ciklon/ciklon3;cyc3_kr_b (5).JPG;https://drive.google.com/uc?export=download&id=1qmnxA-SLHfujP248XuJMTkdcQDICvSme
ciklon/ciklon3;cyc3_kr_b (4).JPG;https://drive.google.com/uc?export=download&id=1beF1xuXvStbrIcAVFwXenHdpbjDK17P_
ciklon/ciklon3;cyc3_kr_b (3).JPG;https://drive.google.com/uc?export=download&id=1SmC4-WRaaDNSNy189kBUZA_fJZVm4Ddf
ciklon/ciklon3;cyc3_kr_b (2).JPG;https://drive.google.com/uc?export=download&id=1wEbWr2CLMhlKcgfvgZVeG4P-YcbCreET
ciklon/ciklon3;cyc3_kr_b (1).JPG;https://drive.google.com/uc?export=download&id=1at8ykq8F4SL_TgQdUQ_2Nso9ZpUNu0ym
ciklon/ciklon3;cyc3_gb_r (2).JPG;https://drive.google.com/uc?export=download&id=1VS30T9n2w1NuhmvlRDFnDE1pu-cE7wWB
ciklon/ciklon3;cyc3_gb_r (1).JPG;https://drive.google.com/uc?export=download&id=1BL6oqXVGerdGgk31B0Xd15VXkRSYAAmU
ciklon/ciklon3;cyc3_gb_l (5).JPG;https://drive.google.com/uc?export=download&id=19MYccrZZZhW7KHyxCQXwrZUGsI3sRNXM
ciklon/ciklon3;cyc3_gb_l (4).JPG;https://drive.google.com/uc?export=download&id=1hCuRnMb36uyEw8asvvxN1K1FFC0HBgc8
ciklon/ciklon3;cyc3_gb_l (3).JPG;https://drive.google.com/uc?export=download&id=1M__V-M4Ue3cNXB4vQ4SADlvjBaExKGsZ
ciklon/ciklon3;cyc3_gb_l (2).JPG;https://drive.google.com/uc?export=download&id=1S304-qLO-x0hNqt17o89lt8lJyXnEIj_
ciklon/ciklon3;cyc3_gb_l (1).JPG;https://drive.google.com/uc?export=download&id=1hYnE1BJ9W_3vDCzOJnlvG2NAmwexO3tx
ciklon/ciklon3;cyc3_gb_fr (2).JPG;https://drive.google.com/uc?export=download&id=14y8UHstCjCZn90pdNofDS2gdyGEyknyX
ciklon/ciklon3;cyc3_gb_fr (1).JPG;https://drive.google.com/uc?export=download&id=1qsQhz0hRNiWN-lywkH0PgmysNsalCQWR
ciklon/ciklon3;cyc3_gb_b (4).JPG;https://drive.google.com/uc?export=download&id=1NL89h9NVqugaMhseFSIJ9HKkhV_1wnzr
ciklon/ciklon3;cyc3_gb_b (3).JPG;https://drive.google.com/uc?export=download&id=1baHmt-6pURHsRaDK3M_NNB9bkZOp9m3_
ciklon/ciklon3;cyc3_gb_b (2).JPG;https://drive.google.com/uc?export=download&id=1nciO96w-PJjCiEN_olbh27MrTJB0U4mS
ciklon/ciklon3;cyc3_gb_b (1).JPG;https://drive.google.com/uc?export=download&id=13S0hieziWBZ0sXE8AUHxxNdK_uSWSgb2
ciklon/ciklon2;cyc2_skl_r (2).JPG;https://drive.google.com/uc?export=download&id=1UOvogJXCgc04aTQSsrImNNXD7IXiEDXm
ciklon/ciklon2;cyc2_skl_r (4).JPG;https://drive.google.com/uc?export=download&id=1mZCQHtBUIoYq5lW6FFIqno0sE8Qpuqet
ciklon/ciklon2;cyc2_skl_r (3).JPG;https://drive.google.com/uc?export=download&id=1X1xnZSHe3ykaHrX8_aLPG3EZFj0rjx2c
ciklon/ciklon2;cyc2_skl_r (1).JPG;https://drive.google.com/uc?export=download&id=1C6dsl_woHb7HzlkBXTCw-LLetuPDaMgk
ciklon/ciklon2;cyc2_skl_l (4).JPG;https://drive.google.com/uc?export=download&id=1DteQpnUT-6UVOKZUn50Oy_9PfVNwoq2d
ciklon/ciklon2;cyc2_skl_l (3).JPG;https://drive.google.com/uc?export=download&id=1DqVsXRoRAl7lW6pRsguQyQImNviY_tbK
ciklon/ciklon2;cyc2_skl_fr (8).JPG;https://drive.google.com/uc?export=download&id=15n0tE5jvLOL_4_iAOzndcPPbOuEYOBW_
ciklon/ciklon2;cyc2_skl_l (1).JPG;https://drive.google.com/uc?export=download&id=1EK0xmO3H-Qh8KGAAyvveNu49G0Y_Zjoq
ciklon/ciklon2;cyc2_skl_l (2).JPG;https://drive.google.com/uc?export=download&id=1APqrNzr4U-zmjTGGuJDbi8xfV7XHz78T
ciklon/ciklon2;cyc2_skl_fr (5).JPG;https://drive.google.com/uc?export=download&id=1DBznoHM4ANBBQULeNw5nK85CyYgMbPaY
ciklon/ciklon2;cyc2_skl_fr (6).JPG;https://drive.google.com/uc?export=download&id=1m46R1-Bqz-jen3XZS625Afe83L-Q2TiX
ciklon/ciklon2;cyc2_skl_fr (7).JPG;https://drive.google.com/uc?export=download&id=1M_Q4o8HPXZhZrB5IXe7Kft6YXY8d0Vpi
ciklon/ciklon2;cyc2_skl_fr (3).JPG;https://drive.google.com/uc?export=download&id=1zMgiFVj1pxM6ZH6-I81nxML37V6E-bgp
ciklon/ciklon2;cyc2_skl_fr (4).JPG;https://drive.google.com/uc?export=download&id=1B9a_HJgIxPNfpFkp66wFGO-wgmmGzi-c
ciklon/ciklon2;cyc2_skl_fr (1).JPG;https://drive.google.com/uc?export=download&id=1h9D9jbZ7Mvr-tQEGq2bFn5eQoCub9t7m
ciklon/ciklon2;cyc2_skl_fr (2).JPG;https://drive.google.com/uc?export=download&id=1ssZZfGnazly12tPhAxtdCeAR4MPPagqM
ciklon/ciklon2;cyc2_skl_b (7).JPG;https://drive.google.com/uc?export=download&id=1IdXLp9Glmlyx9RUkJLdjHU9JFkNTfwA8
ciklon/ciklon2;cyc2_skl_b (5).JPG;https://drive.google.com/uc?export=download&id=1pSRO6lZ65X5qL5kAcIowG5_w8uiGs0JR
ciklon/ciklon2;cyc2_skl_b (6).JPG;https://drive.google.com/uc?export=download&id=1xT-X2ul3tz-3l3pbTyajXnTms4dgyOZP
ciklon/ciklon2;cyc2_skl_b (4).JPG;https://drive.google.com/uc?export=download&id=1SeMIMZTjD9PDhXBbwrVadoz6OTgYrMuo
ciklon/ciklon2;cyc2_skl_b (1).JPG;https://drive.google.com/uc?export=download&id=1SFl-Wg9SBy_3pb0y8AVv4nt9aIIQmM-y
ciklon/ciklon2;cyc2_skl_b (2).JPG;https://drive.google.com/uc?export=download&id=1qB9cacnyKDPoXansxHyUYzGgjZzP18Cg
ciklon/ciklon2;cyc2_skl_b (3).JPG;https://drive.google.com/uc?export=download&id=1G9Pv2VKPFTotu21YOK69Njn_v6iB46gK
ciklon/ciklon2;cyc2_kr_r (9).JPG;https://drive.google.com/uc?export=download&id=18NDCdpjHa14y-asYaPPf1oOsPLAbAexw
ciklon/ciklon2;cyc2_kr_r (8).JPG;https://drive.google.com/uc?export=download&id=1iG38kH9XMpE-2psMxO6fNTTYuDSMF1w9
ciklon/ciklon2;cyc2_kr_r (7).JPG;https://drive.google.com/uc?export=download&id=1sb2-p2VvOFY0uSUsSTY2YiQwW0ukiWNd
ciklon/ciklon2;cyc2_kr_r (6).JPG;https://drive.google.com/uc?export=download&id=1Lk5n4EeunME_02qGHaK12BOLwR0aPGH2
ciklon/ciklon2;cyc2_kr_r (5).JPG;https://drive.google.com/uc?export=download&id=1JT5LziqPlm76K9aRWmhZdv7zCwD8FKUW
ciklon/ciklon2;cyc2_kr_r (4).JPG;https://drive.google.com/uc?export=download&id=1Q8t6UOIUpIMaxysVo9-a5_wiLrWylh7_
ciklon/ciklon2;cyc2_kr_r (3).JPG;https://drive.google.com/uc?export=download&id=1HiuWzE2Vkb8f8LAEnnsA9ihjg5wmA3CT
ciklon/ciklon2;cyc2_kr_r (2).JPG;https://drive.google.com/uc?export=download&id=1gWGD7M89PTKiCl8LnG6zR4TYl-pc0fc0
ciklon/ciklon2;cyc2_kr_r (1).JPG;https://drive.google.com/uc?export=download&id=1ZymBw4B55hlAgHBIccGXYPi8XiR2WKkN
ciklon/ciklon2;cyc2_kr_l (6).JPG;https://drive.google.com/uc?export=download&id=129nRt9BkpH12f1Wb945Iacc_ajpD-Ln_
ciklon/ciklon2;cyc2_kr_l (5).JPG;https://drive.google.com/uc?export=download&id=1-ZIknYG6CxOaTjY-tPbQKzwvUAdNrW4N
ciklon/ciklon2;cyc2_kr_l (3).JPG;https://drive.google.com/uc?export=download&id=1eofte6JbjzhCqpHBA5tHqVrxVN0kVfYr
ciklon/ciklon2;cyc2_kr_l (4).JPG;https://drive.google.com/uc?export=download&id=11T_uH4EaH71Ypu9FZpwE2tBCwXcmfvMx
ciklon/ciklon2;cyc2_kr_l (2).JPG;https://drive.google.com/uc?export=download&id=1oVcUcSzl0qYj16suR276nejS1f4GShY4
ciklon/ciklon2;cyc2_kr_l (1).JPG;https://drive.google.com/uc?export=download&id=1MZeUsKeiF0xDeKOAnAorusd5ug7PlERE
ciklon/ciklon2;cyc2_kr_fr (8).JPG;https://drive.google.com/uc?export=download&id=1MHHOh5SpnJgxguqh0UpWrk0j8DflyjK4
ciklon/ciklon2;cyc2_kr_fr (7).JPG;https://drive.google.com/uc?export=download&id=1NLqr894B5muiq3A6PRNWpB5DeEtFCTQA
ciklon/ciklon2;cyc2_kr_fr (6).JPG;https://drive.google.com/uc?export=download&id=1kXo1mrM-U1kQR6qvywBt_Rd7ZK4FmO_h
ciklon/ciklon2;cyc2_kr_fr (5).JPG;https://drive.google.com/uc?export=download&id=1zjXqBoocFexluZyp1FBlx8kCtd_v4Yat
ciklon/ciklon2;cyc2_kr_fr (4).JPG;https://drive.google.com/uc?export=download&id=1rp3H_BjyGXx3a2_yEDPHVSRc46ossPbe
ciklon/ciklon2;cyc2_kr_fr (3).JPG;https://drive.google.com/uc?export=download&id=1z1IzI65AHV2UqcQRwJaq_B4dSH12EjNM
ciklon/ciklon2;cyc2_kr_fr (2).JPG;https://drive.google.com/uc?export=download&id=1EW92GcWT-IkZJnMJGymCI9PzeQ19EuXT
ciklon/ciklon2;cyc2_kr_fr (1).JPG;https://drive.google.com/uc?export=download&id=14-iVI2TmafjLtVaPV6uGgZCPuMANDwRx
ciklon/ciklon2;cyc2_kr_b (7).JPG;https://drive.google.com/uc?export=download&id=1NNKTlUk1gIhjqMHVXkY27VtCp21gSfpK
ciklon/ciklon2;cyc2_kr_b (6).JPG;https://drive.google.com/uc?export=download&id=1HFEBMcteKoHUs7CKfs8UfcjIMKPOOPt4
ciklon/ciklon2;cyc2_kr_b (5).JPG;https://drive.google.com/uc?export=download&id=1IYSi79x0BOuQlKsWdElIKHJ6SnAGNFpI
ciklon/ciklon2;cyc2_kr_b (4).JPG;https://drive.google.com/uc?export=download&id=12XMakK85EvMMLU24sybxqoo20-af4IPl
ciklon/ciklon2;cyc2_kr_b (3).JPG;https://drive.google.com/uc?export=download&id=1GJUMWiXt4jO4W5Hw9AA8BVY3XfoV7jF4
ciklon/ciklon2;cyc2_kr_b (2).JPG;https://drive.google.com/uc?export=download&id=1xsId5KWSS-XQSpp_pJNq8X5p3bEZoBkH
ciklon/ciklon2;cyc2_kr_b (1).JPG;https://drive.google.com/uc?export=download&id=1qwi_wCBTlWxmMH0vg8-un_YjWDWm1amV
ciklon/ciklon2;cyc2_gb_r (5).JPG;https://drive.google.com/uc?export=download&id=1I4ZzcmTgI77PZjnqNGhlGCghg9N8QbFb
ciklon/ciklon2;cyc2_gb_r (4).JPG;https://drive.google.com/uc?export=download&id=1DMdHxs40lJNS9oPzdVY74HQQi2ZHcp-p
ciklon/ciklon2;cyc2_gb_r (3).JPG;https://drive.google.com/uc?export=download&id=1SI_zWwgYHkTM9pHfu1fMAAtOXVB-4W-S
ciklon/ciklon2;cyc2_gb_r (2).JPG;https://drive.google.com/uc?export=download&id=1Q8oduYBtxu1DQ8U6DDro1bGphPBHDRxg
ciklon/ciklon2;cyc2_gb_r (1).JPG;https://drive.google.com/uc?export=download&id=1xa-8DzH3kuOKsOPqt1WdxNRH31LGhJxr
ciklon/ciklon2;cyc2_gb_l (4).JPG;https://drive.google.com/uc?export=download&id=1d73VWlDHDAH38an-72h6M_SgSNgRzIMt
ciklon/ciklon2;cyc2_gb_l (3).JPG;https://drive.google.com/uc?export=download&id=1PhmisausMut_oPnOo0LQe6MuLWwRucWl
ciklon/ciklon2;cyc2_gb_l (2).JPG;https://drive.google.com/uc?export=download&id=1x0eZQDzpMbgr9sUCLQeIZZa4rF1skrEL
ciklon/ciklon2;cyc2_gb_l (1).JPG;https://drive.google.com/uc?export=download&id=1_Ql-1wtYbf5xQ10_MtzDfXvdFH6kB9_f
ciklon/ciklon2;cyc2_gb_fr (4).JPG;https://drive.google.com/uc?export=download&id=1d504psdSyPPZCkGkPG9BYyAzKTCgfGut
ciklon/ciklon2;cyc2_gb_fr (3).JPG;https://drive.google.com/uc?export=download&id=18Zh8YtePmeNdK5s-hO7ksErZd1TY_-oy
ciklon/ciklon2;cyc2_gb_fr (2).JPG;https://drive.google.com/uc?export=download&id=1nvQbFIcBt5lejB-nnK5BJOMhLhlHkPE1
ciklon/ciklon2;cyc2_gb_fr (1).JPG;https://drive.google.com/uc?export=download&id=1H_6sQ1jjbK3U3lC4OYDmO_flioCyUp28
ciklon/ciklon2;cyc2_gb_b (5).JPG;https://drive.google.com/uc?export=download&id=12x3YsdjjaxJ9hOhZAjKG2KPdskuhXNr1
ciklon/ciklon2;cyc2_gb_b (4).JPG;https://drive.google.com/uc?export=download&id=16E9kHhzHEQhyGSmHMdowlklDXYlUQpFc
ciklon/ciklon2;cyc2_gb_b (3).JPG;https://drive.google.com/uc?export=download&id=1Qoyonp8lCGCuQHYm4cGEqKY3JW9NIgxw
ciklon/ciklon2;cyc2_gb_b (2).JPG;https://drive.google.com/uc?export=download&id=1YO3DkGGsY4GCBa_QTYDFoAfWlJVjKfmk
ciklon/ciklon2;cyc2_gb_b (1).JPG;https://drive.google.com/uc?export=download&id=1k4KG-npbU6KrOCM5se3NCb9X9qWvfGA5
ciklon/ciklon1;cyc1_skl_r (3).JPG;https://drive.google.com/uc?export=download&id=1GOdchuGaG1klgc-K2_yOR6ilbPtBI25j
ciklon/ciklon1;cyc1_skl_r (2).JPG;https://drive.google.com/uc?export=download&id=1su3AT9OVETnYP2ZWGL8hsOTt6USmFQvT
ciklon/ciklon1;cyc1_skl_r (1).JPG;https://drive.google.com/uc?export=download&id=1KNqNYkFfT5hKZuksfBeMr7XpTtA7bh6N
ciklon/ciklon1;cyc1_skl_l (3).JPG;https://drive.google.com/uc?export=download&id=17xfXdjUZF39B4F0CWvWt-PQpBpkJZllq
ciklon/ciklon1;cyc1_skl_l (2).JPG;https://drive.google.com/uc?export=download&id=1z4P2hUbEFVByAUpHr2yus6xF173FXTjM
ciklon/ciklon1;cyc1_skl_l (1).JPG;https://drive.google.com/uc?export=download&id=1ChT9UChvirXYNqNgsD5hxdWD036L8_Xo
ciklon/ciklon1;cyc1_osb_mkr (2).JPG;https://drive.google.com/uc?export=download&id=111YClMWvDvgPJVWD_KLLC-6EkEpDsF0U
ciklon/ciklon1;cyc1_skl_b.JPG;https://drive.google.com/uc?export=download&id=1ccYOUzmg7cpIWWmcyY5o4J0h8vx1hNXu
ciklon/ciklon1;cyc1_osb_mkr (1).JPG;https://drive.google.com/uc?export=download&id=1s5h7CgjeUmHuUcpYJ54ASN_2GZQ7-pUm
ciklon/ciklon1;cyc1_osb_l (6).JPG;https://drive.google.com/uc?export=download&id=15hNRORVkt3CpW4Cfb27L8pd9VA5i6hnB
ciklon/ciklon1;cyc1_osb_l (5).JPG;https://drive.google.com/uc?export=download&id=1mY76xqZXRvoP-LKtHkZRNfITr_6tK8nY
ciklon/ciklon1;cyc1_osb_l (4).JPG;https://drive.google.com/uc?export=download&id=1tW3c5rIxT4NADehwtrFIXQYAzrhXGRq2
ciklon/ciklon1;cyc1_osb_l (3).JPG;https://drive.google.com/uc?export=download&id=1fPDyQ9ZMK5yZfq8iw0JKtJHP869_kjLq
ciklon/ciklon1;cyc1_osb_l (2).JPG;https://drive.google.com/uc?export=download&id=1YtLYk0gEUdg_vPf-moLE7z8FsfZGyLDo
ciklon/ciklon1;cyc1_osb_l (1).JPG;https://drive.google.com/uc?export=download&id=1sUQGKrDryiaGx0f43RyFdO7sr1Qa2ah3
ciklon/ciklon1;cyc1_osb_fr (4).JPG;https://drive.google.com/uc?export=download&id=13kxj3N4bp_ZLY9cRHw_8pvyCjA4h8BcF
ciklon/ciklon1;cyc1_osb_fr (3).JPG;https://drive.google.com/uc?export=download&id=1whyTM7vGTLBBoqhX_ljx-VYibdZT5ORR
ciklon/ciklon1;cyc1_osb_fr (2).JPG;https://drive.google.com/uc?export=download&id=1FnnJzXp4rdvWNmjvneu1zr-UyQpPB9Tm
ciklon/ciklon1;cyc1_osb_fr (1).JPG;https://drive.google.com/uc?export=download&id=1z5mddvilaGkUD4nGcEgqvIoMT1pT0vkB
ciklon/ciklon1;cyc1_osb_b (9).JPG;https://drive.google.com/uc?export=download&id=1WvoQvL99kFqy4pzyvF5l0ax3HyUm0vsh
ciklon/ciklon1;cyc1_osb_b (8).JPG;https://drive.google.com/uc?export=download&id=1ho2YZGvGzu3TdpaOsDnFIu1torWjtEpP
ciklon/ciklon1;cyc1_osb_b (7).JPG;https://drive.google.com/uc?export=download&id=1l62ePNMBl60LBcq51TVbAKCy_GfaNaU_
ciklon/ciklon1;cyc1_osb_b (6).JPG;https://drive.google.com/uc?export=download&id=1tQCuIGlwF-tNiVgTPRMGq5KjDO-2blmI
ciklon/ciklon1;cyc1_osb_b (5).JPG;https://drive.google.com/uc?export=download&id=1pciQHF5vYYcRvaet6ZtZivDfb4Ggcz2q
ciklon/ciklon1;cyc1_osb_b (4).JPG;https://drive.google.com/uc?export=download&id=16rChDrWePfYk5lJG8i_lV-Ht9ndoa4c5
ciklon/ciklon1;cyc1_osb_b (3).JPG;https://drive.google.com/uc?export=download&id=1u6U_xHkKad7x3LJT_GIVWzsUYWVHRGgx
ciklon/ciklon1;cyc1_osb_b (2).JPG;https://drive.google.com/uc?export=download&id=1rlCQGSP25j3pl0Cdk7hhzL-iWOJmL7Uc
ciklon/ciklon1;cyc1_osb_b (10).JPG;https://drive.google.com/uc?export=download&id=1WSE5ISrzT8bYNagaK0qWTBGZFEa0vv71
ciklon/ciklon1;cyc1_osb_b (1).JPG;https://drive.google.com/uc?export=download&id=1ZDdjEsyUiAGVxBuZS1LgIhcuXPtmhew9
ciklon/ciklon1;cyc1_lg_r (4).JPG;https://drive.google.com/uc?export=download&id=1OYRsuiCDzqSEAajotYuytoIT_O3ghndp
ciklon/ciklon1;cyc1_lg_r (3).JPG;https://drive.google.com/uc?export=download&id=1--mcfjRsZnXpKSeJmIUnPvw_nx_sfFuQ
ciklon/ciklon1;cyc1_lg_r (2).JPG;https://drive.google.com/uc?export=download&id=11heZ93h-PKld-Tk1fVSVZxx1i1_v_zO4
ciklon/ciklon1;cyc1_lg_r (1).JPG;https://drive.google.com/uc?export=download&id=19If-syiCLze3PwHM_M3QdC0JQQa1jynf
ciklon/ciklon1;cyc1_lg_l (9).JPG;https://drive.google.com/uc?export=download&id=1qhLZ8GO-jn8gGhmWwr5BbSQGTk16WZ3s
ciklon/ciklon1;cyc1_lg_l (8).JPG;https://drive.google.com/uc?export=download&id=1nn72WqK6exzAjGvv_ERq8Y3eUwX0AJK4
ciklon/ciklon1;cyc1_lg_l (7).JPG;https://drive.google.com/uc?export=download&id=14OErnSAnAF4XzUashK4WbTCNSGeETBnI
ciklon/ciklon1;cyc1_lg_l (6).JPG;https://drive.google.com/uc?export=download&id=1fhjWulo2O0pLtNRAS7FVp398TVZDZl7A
ciklon/ciklon1;cyc1_lg_l (5).JPG;https://drive.google.com/uc?export=download&id=1Qjogl8YCHEw2-HPM6hzfJ-QrjZJCiMXa
ciklon/ciklon1;cyc1_lg_l (4).JPG;https://drive.google.com/uc?export=download&id=1RA0NZSEoSQB_7tYviXi5CxLLID5uOvFf
ciklon/ciklon1;cyc1_lg_l (3).JPG;https://drive.google.com/uc?export=download&id=15B1dp9skyYT42W4G2aCxq7ZDjCGe05VL
ciklon/ciklon1;cyc1_lg_l (2).JPG;https://drive.google.com/uc?export=download&id=1SH1Wlmr4Egq7h7Q28PvQdbfPZ1Y8BZJA
ciklon/ciklon1;cyc1_lg_l (10).JPG;https://drive.google.com/uc?export=download&id=1SUc-AHiSviPUIYvbHqA8P2P4SrcueB2t
ciklon/ciklon1;cyc1_lg_l (1).JPG;https://drive.google.com/uc?export=download&id=1_Nwe-Vgo_lgl2daKXFzNiHd7WWpAvI-R
ciklon/ciklon1;cyc1_lg_b (2).JPG;https://drive.google.com/uc?export=download&id=1jAYf9LNIIsgWe2jwd8k_vOmMDHe3g1JJ
ciklon/ciklon1;cyc1_kr_r (8).JPG;https://drive.google.com/uc?export=download&id=1-2TeuDEIMz8NW9aeAy3Rk1BYCVnvecip
ciklon/ciklon1;cyc1_lg_b (1).JPG;https://drive.google.com/uc?export=download&id=1vbNYPmtlwGqLMbbiFDRmU7Zk9bKtkkHI
ciklon/ciklon1;cyc1_kr_r (7).JPG;https://drive.google.com/uc?export=download&id=10YSFsDhVuH7yzU36M3LEffr2KQlPZiMK
ciklon/ciklon1;cyc1_kr_r (6).JPG;https://drive.google.com/uc?export=download&id=1kWcuAptZb7bf71PRuslhavxfGig7lxVZ
ciklon/ciklon1;cyc1_kr_r (5).JPG;https://drive.google.com/uc?export=download&id=1glZxMseWD6oBfMMGkVXhGx51ASSPNPQr
ciklon/ciklon1;cyc1_kr_r (4).JPG;https://drive.google.com/uc?export=download&id=1vNrxflsjCrDtx0xTrOP6FqrnAxzOzv5y
ciklon/ciklon1;cyc1_kr_r (3).JPG;https://drive.google.com/uc?export=download&id=1y2dqInFuFfOsBn7t7ETfQxtQN0MQXKEL
ciklon/ciklon1;cyc1_kr_r (2).JPG;https://drive.google.com/uc?export=download&id=1DxZ5eHQK2tNLY9JBJE_empb5mB2cQzGf
ciklon/ciklon1;cyc1_kr_r (1).JPG;https://drive.google.com/uc?export=download&id=158O8DpYXIesEsl6au8szWDuXpKmnE-7t
ciklon/ciklon1;cyc1_kr_l (4).JPG;https://drive.google.com/uc?export=download&id=1Z_rAqbph4MGioJ0mkwfj2WH9OIrn9W2n
ciklon/ciklon1;cyc1_kr_l (3).JPG;https://drive.google.com/uc?export=download&id=15jQ4Bg6Y0e_rXbHBtzchYsp9hAGu_BVJ
ciklon/ciklon1;cyc1_kr_l (2).JPG;https://drive.google.com/uc?export=download&id=1mW4dlveW7Z683z74jg9OHzxBGRF0jFJS
ciklon/ciklon1;cyc1_kr_l (1).JPG;https://drive.google.com/uc?export=download&id=1sPSabuILK6rtt-lIRhrN_sdytHbvcOkA
ciklon/ciklon1;cyc1_gb_l (2).JPG;https://drive.google.com/uc?export=download&id=1K8FYHpw_CSsxSHGnjg8woBSpyfcGaLWs
ciklon/ciklon1;cyc1_gb_l (1).JPG;https://drive.google.com/uc?export=download&id=1t_UY5qoL6MTFGWr3WGV8C8q3qlMD-aWZ
ciklon/ciklon1;cyc1_gb_fr (4).JPG;https://drive.google.com/uc?export=download&id=1eh7LtMFwAVYc3-vruMrRQKKwYO-JsppO
ciklon/ciklon1;cyc1_gb_fr (3).JPG;https://drive.google.com/uc?export=download&id=1KTAou5JqM0L6KKd0KXMGynvPbP9HNaIl
ciklon/ciklon1;cyc1_gb_fr (2).JPG;https://drive.google.com/uc?export=download&id=1NknKwUxokjD3oSOQ4JSeGvjf7lQlDD-u
ciklon/ciklon1;cyc1_gb_fr (1).JPG;https://drive.google.com/uc?export=download&id=1-ErSS9bnMMRwhOnbHLxjRI_0JF6zy1_l
ciklon/ciklon1;cyc1_gb_b (7).JPG;https://drive.google.com/uc?export=download&id=1P5-EGLyVodNg1c_O7ofpb6o1-KsQgxwL
ciklon/ciklon1;cyc1_gb_b (6).JPG;https://drive.google.com/uc?export=download&id=1N8blneOJfjKZhUdh2PCsFONCO4v3QYGW
ciklon/ciklon1;cyc1_gb_b (5).JPG;https://drive.google.com/uc?export=download&id=17DpKv0DDBKV8B_RH66-HFVap2oXj2Ujr
ciklon/ciklon1;cyc1_gb_b (4).JPG;https://drive.google.com/uc?export=download&id=1qqoDudOo6QSvDaLfl680aZrdZ_rFwODH
ciklon/ciklon1;cyc1_gb_b (3).JPG;https://drive.google.com/uc?export=download&id=1DEW7Er8G37nksE4BsW9bJuUA0AEPxxLj
ciklon/ciklon1;cyc1_gb_b (2).JPG;https://drive.google.com/uc?export=download&id=13SlW2mmkMm_5vJLj5twk0KsxNLS59pkb
ciklon/ciklon1;cyc1_gb_b (1).JPG;https://drive.google.com/uc?export=download&id=1hJ0B0x3scjSxPDaau67KrV8ypdt2SwnS
ciklon/ciklon+2;cyc(2in) (8).JPG;https://drive.google.com/uc?export=download&id=1XVHmI3Sz4NeRWlGg9bhDbklhoWoWCkjR
ciklon/ciklon+2;cyc(2in) (9).JPG;https://drive.google.com/uc?export=download&id=1PcmsZVKllwmbiZQP7OQ7k2vLTMFuA-Um
ciklon/ciklon+2;cyc(2in) (7).JPG;https://drive.google.com/uc?export=download&id=1_RN98NAqCEiVDvk4V7SH-naS6rl0BFzE
ciklon/ciklon+2;cyc(2in) (6).JPG;https://drive.google.com/uc?export=download&id=1gqLnO88WQChpB_K_dgBfqoFZ00OVfMpT
ciklon/ciklon+2;cyc(2in) (5).JPG;https://drive.google.com/uc?export=download&id=10Ojc7CGpx86o_IzCzFhNZZKLi2G2IoHG
ciklon/ciklon+2;cyc(2in) (4).JPG;https://drive.google.com/uc?export=download&id=1Zn1NE5n5byTqZBKM43MgDdkGnOLQ_fOI
ciklon/ciklon+2;cyc(2in) (3).JPG;https://drive.google.com/uc?export=download&id=1t0mD4nAu47cMJLQhwvqGTRW8pkIZ9Ad_
ciklon/ciklon+2;cyc(2in) (2).JPG;https://drive.google.com/uc?export=download&id=1S5uOYB1-wuAfVagnmqhd677OOdm4VszY
ciklon/ciklon+2;cyc(2in) (10).JPG;https://drive.google.com/uc?export=download&id=1-QSXOkWLEnnbIVUF63o37DM7d1vSaT04
ciklon/ciklon+2;cyc(2in) (1).JPG;https://drive.google.com/uc?export=download&id=1Rm-E8ABd0PkV6BH9B1wm22cXrnxmnRlW
ciklon/ciklon;cyc_lg_r (4).JPG;https://drive.google.com/uc?export=download&id=1GIXJ5rak8bWqezo67DEdSgGthlYgP65E
ciklon/ciklon;cyc_lg_r (3).JPG;https://drive.google.com/uc?export=download&id=1JCCqP4OqLusAE1eVfS33sRgb4_kyo4ag
ciklon/ciklon;cyc_lg_r (2).JPG;https://drive.google.com/uc?export=download&id=1kC8VtKJWEqbkL43cG2raWU3pBr1d70Sr
ciklon/ciklon;cyc_lg_l (9).JPG;https://drive.google.com/uc?export=download&id=1appp-AVHhJkE-4Mnnjllpczni1HT_Trw
ciklon/ciklon;cyc_lg_r (1).JPG;https://drive.google.com/uc?export=download&id=1Ju4sejPlhHPNOYNiLpER8rsKRWvSokVo
ciklon/ciklon;cyc_lg_l (7).JPG;https://drive.google.com/uc?export=download&id=14vgyAVZfqGtW3CAN4dUtwZuYXFekX4JR
ciklon/ciklon;cyc_lg_l (6).JPG;https://drive.google.com/uc?export=download&id=1URhGt3hQuAu0XNwH1AYYxOTEdEekBqN4
ciklon/ciklon;cyc_lg_l (8).JPG;https://drive.google.com/uc?export=download&id=1ItoTgyUhGSE6Flr67cWfDRyXJSLoKGtg
ciklon/ciklon;cyc_lg_l (5).JPG;https://drive.google.com/uc?export=download&id=1RVbCE3dme9b4UXItNov1iBcIbuWXifoU
ciklon/ciklon;cyc_lg_l (4).JPG;https://drive.google.com/uc?export=download&id=1FzgMDsvxZiT93uDCkZ4AXn-Uz60DG9sp
ciklon/ciklon;cyc_lg_l (2).JPG;https://drive.google.com/uc?export=download&id=1DsaFNZRlEhQ1QfTxl0FGRg9EUgMR8BXX
ciklon/ciklon;cyc_lg_l (3).JPG;https://drive.google.com/uc?export=download&id=1m_bQ8K88HRRZ-iT14SJVMj8HDyrrAi7-
ciklon/ciklon;cyc_lg_l (14).JPG;https://drive.google.com/uc?export=download&id=1getf9bu8L3Nq9yuUiUiGUd4fiKiGq5Rd
ciklon/ciklon;cyc_lg_l (12).JPG;https://drive.google.com/uc?export=download&id=1geln7y8cj-TF1W2UY04mkpN1vtq-6a1F
ciklon/ciklon;cyc_lg_l (13).JPG;https://drive.google.com/uc?export=download&id=1rg1W63dV2FMOx6p6meZ4ftgpSoBFEi2O
ciklon/ciklon;cyc_lg_l (1).JPG;https://drive.google.com/uc?export=download&id=1bLpZRvTDyoVmougTTw6oHTf4XmFfc82j
ciklon/ciklon;cyc_lg_l (10).JPG;https://drive.google.com/uc?export=download&id=1RT3vFmR0UC_Thn8fe57egZ5UDUH-mVFp
ciklon/ciklon;cyc_lg_l (11).JPG;https://drive.google.com/uc?export=download&id=12WigaK3dP_phFWNfNYe1kn2aVviNFz2M
ciklon/ciklon;cyc_lg_b (6).JPG;https://drive.google.com/uc?export=download&id=1IJ_KCDfO6UmdMjGzsWYYClL89by7t0dq
ciklon/ciklon;cyc_lg_b (7).JPG;https://drive.google.com/uc?export=download&id=165bb7vS1ng_K3_IFV8vs88-QS-MCrUoF
ciklon/ciklon;cyc_lg_b (3).JPG;https://drive.google.com/uc?export=download&id=1lMLjL71OhwS-54JlE3DM8h4Zb9I6BSIm
ciklon/ciklon;cyc_lg_b (4).JPG;https://drive.google.com/uc?export=download&id=1GnBuBh38imEJWqcIKz-Jdsz6Lh7byZ1W
ciklon/ciklon;cyc_lg_b (5).JPG;https://drive.google.com/uc?export=download&id=124NzvFQ9gtcciFvKPHy89NWOp7zomWeL
ciklon/ciklon;cyc_lg_b (2).JPG;https://drive.google.com/uc?export=download&id=1_Wwoj9422I1TjGSQ7CVf6CiyIUNOZV8-
ciklon/ciklon;cyc_lg_b (1).JPG;https://drive.google.com/uc?export=download&id=15ma6Ju0AYIgeTGkZN7HfPYW8IzsqW8qk
ciklon/ciklon;cyc_kr_sk (7).JPG;https://drive.google.com/uc?export=download&id=1aaWbcYJUSjTImbzKhvSbbZe4HbjMGg5S
ciklon/ciklon;cyc_kr_sk (8).JPG;https://drive.google.com/uc?export=download&id=1resXixe5k5Bfcj3XuAeGmrVgtSY-BCg_
ciklon/ciklon;cyc_kr_sk (9).JPG;https://drive.google.com/uc?export=download&id=1fYd78srpsc1I3oWlODE2LMKNF13b-IFF
ciklon/ciklon;cyc_kr_sk (5).JPG;https://drive.google.com/uc?export=download&id=1mub3gwN-snX4GFsGQy4G0Pca0ksjmu-o
ciklon/ciklon;cyc_kr_sk (6).JPG;https://drive.google.com/uc?export=download&id=1YkxMiCIc9eFTn0xSmUyPxxHk68cxQP6d
ciklon/ciklon;cyc_kr_sk (4).JPG;https://drive.google.com/uc?export=download&id=1M9Yc7DCf2b0OwG13gBq4lMGXgfoovrW2
ciklon/ciklon;cyc_kr_sk (3).JPG;https://drive.google.com/uc?export=download&id=1Wf8OOsFpFtxozMhKy9xFV0cP99tWHNMo
ciklon/ciklon;cyc_kr_sk (2).JPG;https://drive.google.com/uc?export=download&id=1iCpNMRX65gN6h9c56b7e9bagMglCtLMW
ciklon/ciklon;cyc_kr_sk (1).JPG;https://drive.google.com/uc?export=download&id=1ZF5DaVTUA6I24vahdZHH9FJMJv_LGkOx
ciklon/ciklon;cyc_kr_sk (10).JPG;https://drive.google.com/uc?export=download&id=1XVOv_lgPtFLpOPzxvNQMjXrg0JvF9fzB
triumf/triumf55;tri55_skl_r (8).JPG;https://drive.google.com/uc?export=download&id=1IlDiRxQ5E1mldMu67kn6o4GgNEbYi36H
triumf/triumf55;tri55_skl_r (6).JPG;https://drive.google.com/uc?export=download&id=1P-CE6Fb--D_wnvDPYZWU52EighF2Sio6
triumf/triumf55;tri55_skl_r (7).JPG;https://drive.google.com/uc?export=download&id=1QNfFytLKDdl2EUsXIt0ph4UrKzbiMXOH
triumf/triumf55;tri55_skl_r (4).JPG;https://drive.google.com/uc?export=download&id=1pIHPgLooxyB9iFrwlh3pjHMYXKbUA4tg
triumf/triumf55;tri55_skl_r (5).JPG;https://drive.google.com/uc?export=download&id=118foToXpBlPsooAVBOe6GSbPUTZmvPEh
triumf/triumf55;tri55_skl_r (3).JPG;https://drive.google.com/uc?export=download&id=1eS37JqxHQAQ_gnyxzRnIIwO-5s375ezC
triumf/triumf55;tri55_skl_r (2).JPG;https://drive.google.com/uc?export=download&id=1U5YcZUO_8tythd4ikg6RtquO6YYOZvj6
triumf/triumf55;tri55_skl_r (1).JPG;https://drive.google.com/uc?export=download&id=15EQBcHG2bw7Z0Wk_dSCARsPxEJ19O15L
triumf/triumf55;tri55_skl_l (8).JPG;https://drive.google.com/uc?export=download&id=1AnLVy4EzTXmHv8UPH1sJGGLhac5nKqHw
triumf/triumf55;tri55_skl_l (7).JPG;https://drive.google.com/uc?export=download&id=1S-n76uJqAc3ToLLeQhYFIGmnJejEoV3b
triumf/triumf55;tri55_skl_l (5).JPG;https://drive.google.com/uc?export=download&id=1l7BYnvMLCWh70H9qDnCy8RVxjgeK-Qg0
triumf/triumf55;tri55_skl_l (6).JPG;https://drive.google.com/uc?export=download&id=1ma7iBtmn8gUBEjDAxHjTelCaXdzIyovV
triumf/triumf55;tri55_skl_l (3).JPG;https://drive.google.com/uc?export=download&id=1olg-e382wFWd2xS2JnP-HwTiy_V7bCJ-
triumf/triumf55;tri55_skl_l (4).JPG;https://drive.google.com/uc?export=download&id=1xR_Q-mzCJDy4JjD6Wky8ta9nEj-Wskfw
triumf/triumf55;tri55_skl_l (2).JPG;https://drive.google.com/uc?export=download&id=16cawKowwMvi6StKO6O650q7Lj-3uB0hr
triumf/triumf55;tri55_skl_l (1).JPG;https://drive.google.com/uc?export=download&id=1Zd5rjJSGRlErMkazpBbt8JvvZ6djZij3
triumf/triumf55;tri55_skl_fr (6).JPG;https://drive.google.com/uc?export=download&id=1KKlYoKrbDPHcB3J6Xxm-rAfiXaX6eiKd
triumf/triumf55;tri55_skl_fr (5).JPG;https://drive.google.com/uc?export=download&id=1gXKq1NZVT2zX4CpM9pTjNpLo9l-YWGKE
triumf/triumf55;tri55_skl_fr (4).JPG;https://drive.google.com/uc?export=download&id=1IoJe5O8h8l5lu2E8B09amarG_foYuFu9
triumf/triumf55;tri55_skl_fr (3).JPG;https://drive.google.com/uc?export=download&id=1W_Juico80Mn5-w5wuALLO8Oa_Lvr6UI7
triumf/triumf55;tri55_skl_fr (2).JPG;https://drive.google.com/uc?export=download&id=1vCOuvrps4UGeVJ2wUOB7m6Mv331f959d
triumf/triumf55;tri55_skl_fr (1).JPG;https://drive.google.com/uc?export=download&id=18djaLDwjPkGrVXrpOY52nkxxeI8HTFbh
triumf/triumf55;tri55_skl_b (6).JPG;https://drive.google.com/uc?export=download&id=1pNIieMw6gq_WkjfYPBaXifmoJgstNrtd
triumf/triumf55;tri55_skl_b (7).JPG;https://drive.google.com/uc?export=download&id=1EhcT_uDFoL7Jz1J3oje4jLeyCAu5Be7y
triumf/triumf55;tri55_skl_b (4).JPG;https://drive.google.com/uc?export=download&id=1WB8zgPMMFZJYIGUqLZRlxFvV_MFWshqO
triumf/triumf55;tri55_skl_b (5).JPG;https://drive.google.com/uc?export=download&id=1QOqElKGpdd6QopxPooc2wWlcNS6UDDWE
triumf/triumf55;tri55_skl_b (3).JPG;https://drive.google.com/uc?export=download&id=1-QOPDx43Ff82e_9Cu_XdTe9DyHETk62C
triumf/triumf55;tri55_skl_b (2).JPG;https://drive.google.com/uc?export=download&id=1SRnVwMXvibon5JFoEkdpP5Pfyzg2xhZx
triumf/triumf55;tri55_osb (9).JPG;https://drive.google.com/uc?export=download&id=19CdYj_skMsYQaXFzXayFKa6WgVqdoJzN
triumf/triumf55;tri55_skl_b (1).JPG;https://drive.google.com/uc?export=download&id=1fUTmRjrhiJCqyzTfBFC5NLQll7PuyZX3
triumf/triumf55;tri55_osb (7).JPG;https://drive.google.com/uc?export=download&id=11G5DwWmrqdBOFdl-LehBvRI7nzciLI5c
triumf/triumf55;tri55_osb (8).JPG;https://drive.google.com/uc?export=download&id=1q2cOJVVNMbUmoSW91pum7D0rRDZeFSuS
triumf/triumf55;tri55_osb (6).JPG;https://drive.google.com/uc?export=download&id=1c11V46VwvfDBtXNayyqQGbDe5hRZEg6G
triumf/triumf55;tri55_osb (4).JPG;https://drive.google.com/uc?export=download&id=1yq6oOdfFf0Wlp94sEKr_9aYhuDHGJDmL
triumf/triumf55;tri55_osb (5).JPG;https://drive.google.com/uc?export=download&id=1AyBIiMfVfTP1R7ofjpvAUy22_VLStjsy
triumf/triumf55;tri55_osb (2).JPG;https://drive.google.com/uc?export=download&id=1xNorGgVvrvq4Z1Pzc_ytB5bxP-a6Gzl3
triumf/triumf55;tri55_osb (3).JPG;https://drive.google.com/uc?export=download&id=1DWqyCwqdZtwTSwVYdp6e2ffBGFbhruY5
triumf/triumf55;tri55_osb (1).JPG;https://drive.google.com/uc?export=download&id=1NFyraM-2-Bffbg1neIfIJ7baB6yRzFI9
triumf/triumf55;tri55_lg_l (5).JPG;https://drive.google.com/uc?export=download&id=1vIwblcleTwtyzfCKaob-aIm2x29_21Y6
triumf/triumf55;tri55_lg_l (6).JPG;https://drive.google.com/uc?export=download&id=1XGYLWcHQONI9tUOxFmpoz6A0tc82qgqN
triumf/triumf55;tri55_lg_l (3).JPG;https://drive.google.com/uc?export=download&id=1IzFkatE0UWoOZ8F7jfI12kxoqfOAsMcT
triumf/triumf55;tri55_lg_l (4).JPG;https://drive.google.com/uc?export=download&id=1M7YA9OzDjUBFtc6QIw7P_jTD7vIYXwsk
triumf/triumf55;tri55_lg_l (1).JPG;https://drive.google.com/uc?export=download&id=1YaJIFxOXLIUMGnug45GELdUGj4o-1ATD
triumf/triumf55;tri55_lg_l (2).JPG;https://drive.google.com/uc?export=download&id=11G746Aw9CAWte9jhmjfIhPD3x1MB8HG6
triumf/triumf55;tri55_lg_fr (1).JPG;https://drive.google.com/uc?export=download&id=1tLD4xvSGzqRsYKn53iqQ_o-dZ3Xjjf1w
triumf/triumf55;tri55_lg_fr (2).JPG;https://drive.google.com/uc?export=download&id=1o9u_Phz3amAZG7w3Fu_AobPCsACuCGif
triumf/triumf55;tri55_lg_b.JPG;https://drive.google.com/uc?export=download&id=1XbngEdo7Ygju-wViIImVA63qPhONIzya
triumf/triumf55;tri55_kr_r (9).JPG;https://drive.google.com/uc?export=download&id=1dyEo1HIYsoPhc-v02IYZQaOzd9YONZ8r
triumf/triumf55;tri55_kr_r (8).JPG;https://drive.google.com/uc?export=download&id=1MW2TunT84VAm1wZSZBuBqBxh6T_5DZrX
triumf/triumf55;tri55_kr_r (6).JPG;https://drive.google.com/uc?export=download&id=1zx5BiiDxsZp-KE7U8Lv5hYKd2UaGFDCJ
triumf/triumf55;tri55_kr_r (7).JPG;https://drive.google.com/uc?export=download&id=178SopmtdC3MsBNaSICu5zIw0kOJ2342h
triumf/triumf55;tri55_kr_r (4).JPG;https://drive.google.com/uc?export=download&id=1fESkCljMteJxL8qWGlUgBoCbHehZx1Lg
triumf/triumf55;tri55_kr_r (5).JPG;https://drive.google.com/uc?export=download&id=1xqEfnAX49vDMdmRq2FxVUKF30gdvbQTi
triumf/triumf55;tri55_kr_r (3).JPG;https://drive.google.com/uc?export=download&id=1J42m2fJAGECMQsLoFiaj62DPximAVlzH
triumf/triumf55;tri55_kr_r (2).JPG;https://drive.google.com/uc?export=download&id=1TWhq0A5Sdd3xFy3xgecjIQYJa3zYnPz4
triumf/triumf55;tri55_kr_r (1).JPG;https://drive.google.com/uc?export=download&id=1qpt_1ox-i6huV5l1M6Utttnh-npxtDEz
triumf/triumf55;tri55_kr_l (9).JPG;https://drive.google.com/uc?export=download&id=1DipWiroR0gg2gZq6cUmarzTM4Ry4F3B1
triumf/triumf55;tri55_kr_l (7).JPG;https://drive.google.com/uc?export=download&id=1_075x83o7qjd3FLVXISCV1WXp1s1n00_
triumf/triumf55;tri55_kr_l (8).JPG;https://drive.google.com/uc?export=download&id=1vXZYHxjbQE8LeVePLw5u1z322Bxzz0_P
triumf/triumf55;tri55_kr_l (6).JPG;https://drive.google.com/uc?export=download&id=1pPeZ5bhQnz7NryspkzERRRmEuRmq-ERf
triumf/triumf55;tri55_kr_l (4).JPG;https://drive.google.com/uc?export=download&id=1oFgW1G7yqKO0KFlvvuWvTvDHZfqGKZD4
triumf/triumf55;tri55_kr_l (5).JPG;https://drive.google.com/uc?export=download&id=1H80yLLpCOTcumskmOVxwcwGE0wDq7oLq
triumf/triumf55;tri55_kr_l (3).JPG;https://drive.google.com/uc?export=download&id=1RR7o1pi3mm01K-1xY4t0SiptmZZeZjkS
triumf/triumf55;tri55_kr_l (2).JPG;https://drive.google.com/uc?export=download&id=1M8pZPu11_XQRTC4M-tUCu3pUSMyaiIoA
triumf/triumf55;tri55_kr_fr (3).JPG;https://drive.google.com/uc?export=download&id=1l2uh8reftnXXTLiliQFoXKclg7H6QWhh
triumf/triumf55;tri55_kr_l (1).JPG;https://drive.google.com/uc?export=download&id=1D8635c3j8XSD5Ki-v0fMqLp7Tj9cLEAH
triumf/triumf55;tri55_kr_fr (1).JPG;https://drive.google.com/uc?export=download&id=1OdSUE-_TONAtrE9cn7r8Pv8iIGPEpZC2
triumf/triumf55;tri55_kr_fr (2).JPG;https://drive.google.com/uc?export=download&id=1hM2jX_cy7epphb4o6mc9YBYXvFLoVwWL
triumf/triumf55;tri55_kr_b (2).JPG;https://drive.google.com/uc?export=download&id=1Xkpv4QmGsj5kZIl_ebw6SbedN88hiTWZ
triumf/triumf55;tri55_kr_b (1).JPG;https://drive.google.com/uc?export=download&id=1AaZgx-NUIrVW6jR6GQvJb437KyKM6z2B
triumf/triumf55;tri55_gb_r (3).JPG;https://drive.google.com/uc?export=download&id=1orl5CC6J6ZKL1u-nH7SDKWdPI12qzik_
triumf/triumf55;tri55_gb_r (1).JPG;https://drive.google.com/uc?export=download&id=1dFylsg_N_lXsA6l6SQuc0JQpCfgoNVx6
triumf/triumf55;tri55_gb_r (2).JPG;https://drive.google.com/uc?export=download&id=1W3n_CLh1eOWqxhxn7_D1n71cORTQH7ie
triumf/triumf55;tri55_gb_l.JPG;https://drive.google.com/uc?export=download&id=1vjJ7ALYvCC0-XOum6VSJy5WygUIVo397
triumf/triumf55;tri55_gb_fr (2).JPG;https://drive.google.com/uc?export=download&id=1ePX5Xf1yyPc9XGuZj8bWhxI_7ZAXfdTg
triumf/triumf55;tri55_gb_fr (1).JPG;https://drive.google.com/uc?export=download&id=1oM29SsBXCUEXLDGb6JeT2vK_vmEX1y9k
triumf/triumf35;tri35_skl_r (9).JPG;https://drive.google.com/uc?export=download&id=1Hn-ZlQ4nWkKXEI50nOVS0uCBr-vpjDT8
triumf/triumf35;tri35_skl_r (8).JPG;https://drive.google.com/uc?export=download&id=1kQ0AwPRA3N_qbTjBnuH6yxfwp1zRnu3e
triumf/triumf35;tri35_skl_r (7).JPG;https://drive.google.com/uc?export=download&id=1FWMP3ca1vchurvaY0AlF472gbk21AXRm
triumf/triumf35;tri35_skl_r (6).JPG;https://drive.google.com/uc?export=download&id=1j6KVIcPBmkhhhnp1YHqHUvN66gaYIUP6
triumf/triumf35;tri35_skl_r (5).JPG;https://drive.google.com/uc?export=download&id=1Rw2d3dVMDL8Q7USjCNVFQzMWw2CmjJtZ
triumf/triumf35;tri35_skl_r (4).JPG;https://drive.google.com/uc?export=download&id=1GLG5C_x5As18VuHjcIwlu1-4iLYUyrPt
triumf/triumf35;tri35_skl_r (3).JPG;https://drive.google.com/uc?export=download&id=1WbBA2FobMeeQpxQjWbDtxuMXcMgTxdq0
triumf/triumf35;tri35_skl_r (2).JPG;https://drive.google.com/uc?export=download&id=1swRMaKS4QIQHxo-9gBvoz9FJvqX5hg7J
triumf/triumf35;tri35_skl_r (1).JPG;https://drive.google.com/uc?export=download&id=19yYCv2f1YXx8DYUEpYdHAKUrg0_BHV9w
triumf/triumf35;tri35_skl_mkr.JPG;https://drive.google.com/uc?export=download&id=1RPTf6Gf0iQTfb0UWCh9imlpxuDkvY65f
triumf/triumf35;tri35_skl_l (4).JPG;https://drive.google.com/uc?export=download&id=1IxyFDGRUyuMdfmdY6ZiX4J4tbRyiU2vq
triumf/triumf35;tri35_skl_l (3).JPG;https://drive.google.com/uc?export=download&id=1k6cBsGX_xsZwezx7xz6kyFZIVWg4LL3C
triumf/triumf35;tri35_skl_l (2).JPG;https://drive.google.com/uc?export=download&id=1yaLnrbsxCdeDqxZOWKAlNemNQzehIUPk
triumf/triumf35;tri35_skl_l (1).JPG;https://drive.google.com/uc?export=download&id=1xjxy3fHBear0afYiENWxPMHkmaDX-_cd
triumf/triumf35;tri35_skl_fr (2).JPG;https://drive.google.com/uc?export=download&id=1NvrW_6omP0l3z_nSwRLBXhqmeOEgiphp
triumf/triumf35;tri35_skl_fr (1).JPG;https://drive.google.com/uc?export=download&id=1OjstrrvbLjY02H-y82rvVFOZs2vqP725
triumf/triumf35;tri35_lg_r (3).JPG;https://drive.google.com/uc?export=download&id=1cii1iBDUSNPTQhbQtuEEL8bCINt5QKni
triumf/triumf35;tri35_lg_r (2).JPG;https://drive.google.com/uc?export=download&id=17eCTfMitgQVLV5CoULcjNLIiUQ2z9J5X
triumf/triumf35;tri35_lg_r (1).JPG;https://drive.google.com/uc?export=download&id=1b9imHsiVlXjwU4zDpb-bnVCg_8Zp83Uj
triumf/triumf35;tri35_lg_mkr (3).JPG;https://drive.google.com/uc?export=download&id=15NNGj5HzNGZ2Clvzo9nlcwFfQpcVO8he
triumf/triumf35;tri35_lg_mkr (2).JPG;https://drive.google.com/uc?export=download&id=1DuE6BXEfaxGnoPDULkEEdQ0QiMKzR6dq
triumf/triumf35;tri35_lg_mkr (1).JPG;https://drive.google.com/uc?export=download&id=1SZ-g8VrjGijXD4wQKcKn4u0a6H6yDYXE
triumf/triumf35;tri35_lg_fr (6).JPG;https://drive.google.com/uc?export=download&id=1dojCRjkj23zFTzv5C1mWWXH9bzSXPSuy
triumf/triumf35;tri35_lg_fr (5).JPG;https://drive.google.com/uc?export=download&id=1sXb2Vl-KXOtFBZPgZ9dKrHKDKWH8fpMI
triumf/triumf35;tri35_lg_fr (4).JPG;https://drive.google.com/uc?export=download&id=1FvBaoFZSdDeZYGkXIqt0iduCCbBB616h
triumf/triumf35;tri35_lg_fr (3).JPG;https://drive.google.com/uc?export=download&id=1ejk41YnfD7nl6x94giU9aWmxXmRpDWQl
triumf/triumf35;tri35_lg_fr (2).JPG;https://drive.google.com/uc?export=download&id=1obaQRe5oCUb5pLrmtYCXCMmDWYecit_k
triumf/triumf35;tri35_lg_fr (1).JPG;https://drive.google.com/uc?export=download&id=1LU7lbDg-BBwYChzXmUtECiAb3Lq1eqFY
triumf/triumf35;tri35_lg_b (3).JPG;https://drive.google.com/uc?export=download&id=1UyH1crB8S4iCKuDvpo1UHCwGl_bsaPDh
triumf/triumf35;tri35_lg_b (2).JPG;https://drive.google.com/uc?export=download&id=1BRFf0arElqTFZ9p64jA0lqTt60iC-Yr4
triumf/triumf35;tri35_lg_b (1).JPG;https://drive.google.com/uc?export=download&id=1MJ1JulYoY_ZwwqUGaBAURhfo3jHrRIyz
triumf/triumf35;tri35_kr_r (9).JPG;https://drive.google.com/uc?export=download&id=1B1SpxCoGfBh4cOmnY2dCutCfJ9PMYZ2Y
triumf/triumf35;tri35_kr_r (8).JPG;https://drive.google.com/uc?export=download&id=1Y3RnB4Y86__F8ZIceTB_1atMaLAhjZNC
triumf/triumf35;tri35_kr_r (7).JPG;https://drive.google.com/uc?export=download&id=1cEhvWkXoGUi09ToR2KX2MP6HM2VeCb82
triumf/triumf35;tri35_kr_r (6).JPG;https://drive.google.com/uc?export=download&id=1Oz5Pu8_i9ME4QKX6jAxpKi9mmxpP_4Ht
triumf/triumf35;tri35_kr_r (5).JPG;https://drive.google.com/uc?export=download&id=1eCWYHjG6q1UX3cPn1P6rsEkIANvthlXF
triumf/triumf35;tri35_kr_r (4).JPG;https://drive.google.com/uc?export=download&id=1a9UXYLMOOtdlGcMnVhq3LiriM9Azc05T
triumf/triumf35;tri35_kr_r (3).JPG;https://drive.google.com/uc?export=download&id=1pMyPc15EAKMwzMRqBws9cZrZeffnc44u
triumf/triumf35;tri35_kr_r (2).JPG;https://drive.google.com/uc?export=download&id=1zoKSkDTcErO4OX1yuw4WNdWKFUjKNFZu
triumf/triumf35;tri35_kr_r (1).JPG;https://drive.google.com/uc?export=download&id=1mRmPC79hLBM_WU7X-0pb6p69hC3N2B5Z
triumf/triumf35;tri35_kr_mkr.JPG;https://drive.google.com/uc?export=download&id=1AFhTpp7fvPsrnOKl48VFIbArBYzQR1mp
triumf/triumf35;tri35_kr_l (2).JPG;https://drive.google.com/uc?export=download&id=1jniramLFDnTOTZ_ZiT7SFMp0cX87yf0O
triumf/triumf35;tri35_kr_l (1).JPG;https://drive.google.com/uc?export=download&id=12VlImQAuTX1xHZpk3DJvvo1EcicBv8us
triumf/triumf65;tri65_skl_r (5).JPG;https://drive.google.com/uc?export=download&id=1XopwoxZFce5P4cfxI57Q3Q8eMcjC51L9
triumf/triumf65;tri65_skl_r (4).JPG;https://drive.google.com/uc?export=download&id=1HIojoqqNOqMggyqLjWNzbYSQIxrenNrn
triumf/triumf65;tri65_skl_r (3).JPG;https://drive.google.com/uc?export=download&id=17oV1drqO1tCfV38wSKmMvki0yVv6ohj1
triumf/triumf65;tri65_skl_r (2).JPG;https://drive.google.com/uc?export=download&id=1yO5Ij5RwG2oujtsD044TsU8QGZU-u5nq
triumf/triumf65;tri65_skl_r (1).JPG;https://drive.google.com/uc?export=download&id=1bzYCvgGDc1utd4NznFYuuq3mysriUYp7
triumf/triumf65;tri65_skl_mkr.JPG;https://drive.google.com/uc?export=download&id=1bkigCH6zpSVHwj-sAFYb0ZVmlxH2-w9U
triumf/triumf65;tri65_skl_l.JPG;https://drive.google.com/uc?export=download&id=1ZbhjK6BJrF0Yr0JkeVsWvaus4-AiU7Jy
triumf/triumf65;tri65_skl_fr (6).JPG;https://drive.google.com/uc?export=download&id=1XOWDkhGqsl_qmfq9MoARRjUQXhZq0NyY
triumf/triumf65;tri65_skl_fr (5).JPG;https://drive.google.com/uc?export=download&id=1TPeSK-0b9XkPDx-mai6IgePWKGtiMFN4
triumf/triumf65;tri65_skl_fr (4).JPG;https://drive.google.com/uc?export=download&id=1MeThMQm6s6XWMhmPjh1I83tkNsWlG6yn
triumf/triumf65;tri65_skl_fr (3).JPG;https://drive.google.com/uc?export=download&id=1PZ8m50cz43LMjohe7GTGk-pCrOGikZcl
triumf/triumf65;tri65_skl_fr (2).JPG;https://drive.google.com/uc?export=download&id=1VxOy1bDwnHPa5uZWlThYtttrbmfaYr1R
triumf/triumf65;tri65_skl_fr (1).JPG;https://drive.google.com/uc?export=download&id=1Y3-No-8Y_gxEHtlNEqLJouzvlaI6pPqZ
triumf/triumf65;tri65_skl_b (6).JPG;https://drive.google.com/uc?export=download&id=1uROZFRH2iBdikGlIvkNqwYMyl0UMsE3a
triumf/triumf65;tri65_skl_b (5).JPG;https://drive.google.com/uc?export=download&id=1MlOQdI21lUmilvQD88757AWI4qnemL_t
triumf/triumf65;tri65_skl_b (4).JPG;https://drive.google.com/uc?export=download&id=1kGmqvjw6h3glkvfwQzSlHP4rgd-5mu4n
triumf/triumf65;tri65_skl_b (3).JPG;https://drive.google.com/uc?export=download&id=1mCLlMnuLMciMhWbo2-Vm1_br5KGyTr8l
triumf/triumf65;tri65_skl_b (2).JPG;https://drive.google.com/uc?export=download&id=1UshT6XeO8T_8jJ9qNh_S7DpykD4Gm0QI
triumf/triumf65;tri65_skl_b (1).JPG;https://drive.google.com/uc?export=download&id=1EKT7T8kYw-2KKGbCDRrhOXdXVTUufxe_
triumf/triumf65;tri65_lg_fr (6).JPG;https://drive.google.com/uc?export=download&id=1rc4px417jJoBKOfv6ADbiJdjCWICoBqF
triumf/triumf65;tri65_lg_fr (5).JPG;https://drive.google.com/uc?export=download&id=1I3XrtAEGzV0LbhKMcSg3imTmrhxSD1jR
triumf/triumf65;tri65_lg_fr (4).JPG;https://drive.google.com/uc?export=download&id=1kwp1adAsrkct-3iA4IH1HN6m2dfkDh-G
triumf/triumf65;tri65_lg_fr (3).JPG;https://drive.google.com/uc?export=download&id=1BeFkFk2YbwBj_C2xsEtHFP-l-ak73mwg
triumf/triumf65;tri65_lg_fr (2).JPG;https://drive.google.com/uc?export=download&id=1iozpu-4U0EtZhoyLSgJH2enRHqMG831l
triumf/triumf65;tri65_lg_fr (1).JPG;https://drive.google.com/uc?export=download&id=1f47yC65nWtYxm4R_ffryjLCibiHfBZIO
triumf/triumf65;tri65_kr_r (7).JPG;https://drive.google.com/uc?export=download&id=1U0JXCKHl6avlcuyF6glNDP2CHMzElV8R
triumf/triumf65;tri65_kr_r (6).JPG;https://drive.google.com/uc?export=download&id=1Cg1HIi6SLXWI8E99tZMPhzk8LHa86ft5
triumf/triumf65;tri65_kr_r (5).JPG;https://drive.google.com/uc?export=download&id=1YH2JAKGE2gCEuW4JWIobyQfH08CbLGhR
triumf/triumf65;tri65_kr_r (4).JPG;https://drive.google.com/uc?export=download&id=1i09bu07vEGKaiQwfhS9oXOeYL7h3xEbU
triumf/triumf65;tri65_kr_r (3).JPG;https://drive.google.com/uc?export=download&id=1n21XITwFXhVNk8MdaacJpRoKuQJb0W66
triumf/triumf65;tri65_kr_r (2).JPG;https://drive.google.com/uc?export=download&id=1ZEfFAylKr747w3ON_IBCBTaXROPD1Vhc
triumf/triumf65;tri65_kr_r (1).JPG;https://drive.google.com/uc?export=download&id=1kzmvoq2Vn5YOWQbGVZv3doNb_4pKi_tI
triumf/triumf65;tri65_kr_l (5).JPG;https://drive.google.com/uc?export=download&id=185wZf8Am0_8FUr1fK7IgnedApXXJFHd9
triumf/triumf65;tri65_kr_l (4).JPG;https://drive.google.com/uc?export=download&id=1CAFiX9FRIG_HJ6q1EccjLdnAWP3btWIe
triumf/triumf65;tri65_kr_l (3).JPG;https://drive.google.com/uc?export=download&id=1SYqwvmb3SN4_ZBrJ8XGsQcM5yqSxMQrY
triumf/triumf65;tri65_kr_l (2).JPG;https://drive.google.com/uc?export=download&id=1zTZLcZE6ve7Lpc9RtKWqcTWjNrVfb0gQ
triumf/triumf65;tri65_kr_l (1).JPG;https://drive.google.com/uc?export=download&id=18cNA9P8Oj5DaxJuLYwCPPlFvL8D4Z3jo
triumf/triumf65;tri65_kr_fr (3).JPG;https://drive.google.com/uc?export=download&id=18Hc7sTYW8tMgwT64Th9u2buDD2gzv_3_
triumf/triumf65;tri65_kr_fr (2).JPG;https://drive.google.com/uc?export=download&id=1q1qlGNbjjU0qVhYCNxmnrBdHztwNOvde
triumf/triumf65;tri65_kr_fr (1).JPG;https://drive.google.com/uc?export=download&id=1YH_J17dmoNsuS8k1S0lmka9FfAb8fwC3
triumf/triumf65;tri65_kr_b (6).JPG;https://drive.google.com/uc?export=download&id=193VZ8PvsApCVLH-ZDbadbve-C1BL68Gh
triumf/triumf65;tri65_kr_b (5).JPG;https://drive.google.com/uc?export=download&id=1sJ9Y35jmocVjXMK5dPtZ3WpkBlhL--rU
triumf/triumf65;tri65_kr_b (4).JPG;https://drive.google.com/uc?export=download&id=1tU_acbbDF6Fh_7nJE5fR7lrqVL5Uu24m
triumf/triumf65;tri65_kr_b (3).JPG;https://drive.google.com/uc?export=download&id=18LuJdx4VgyCY6InMMEeaIT0Da5ohLxMu
triumf/triumf65;tri65_kr_b (2).JPG;https://drive.google.com/uc?export=download&id=1sl91AYW3QxojMhJPqBr5pAodOBKTyCHj
triumf/triumf65;tri65_kr_b (1).JPG;https://drive.google.com/uc?export=download&id=1U1mbzDAgvZe8qUYXLOjAqea1-AuPbS9D
triumf/triumf65;tri65_gb_r (2).JPG;https://drive.google.com/uc?export=download&id=1fG6OeRcT0hYDQnaoQQC_ug79Fs_1Faih
triumf/triumf65;tri65_gb_r (1).JPG;https://drive.google.com/uc?export=download&id=1hFViCFrNo8fnxI_UqY8N2Ao9CQgP1R-n
triumf/triumf65;tri65_gb_mkr.JPG;https://drive.google.com/uc?export=download&id=19EBZvsmznedI1GiBeGbOHPiMGj1JhRZm
triumf/triumf65;tri65_gb_l (2).JPG;https://drive.google.com/uc?export=download&id=1fKYqEQfEVpbSotX21Gc2P8fxfUbpg7Tf
triumf/triumf65;tri65_gb_l (1).JPG;https://drive.google.com/uc?export=download&id=1uQbQUQ811APLfNuPYlTsYUXLBjJGVww3
triumf/triumf65;tri65_gb_fr (6).JPG;https://drive.google.com/uc?export=download&id=1ZZFgeZ4so31_sZyoZktL9y_cr9Re442m
triumf/triumf65;tri65_gb_fr (5).JPG;https://drive.google.com/uc?export=download&id=1f_lvxqVXUXb8vfb8jvtzw76WtQjX6IHq
triumf/triumf65;tri65_gb_fr (4).JPG;https://drive.google.com/uc?export=download&id=1Je0SY4Ik0sJpTq_1tLYkXW9jpP60d9HL
triumf/triumf65;tri65_gb_fr (3).JPG;https://drive.google.com/uc?export=download&id=1TLfoK-RFwmmVNOTeb5UPmeoJAV3KqiYn
triumf/triumf65;tri65_gb_fr (2).JPG;https://drive.google.com/uc?export=download&id=1r7SywaXstBtK95fd5oFBMY14pR-2qfFP
triumf/triumf65;tri65_gb_fr (1).JPG;https://drive.google.com/uc?export=download&id=1-9tEaJNzFL6vYMa_L6Gsz1Qq7YNm4sU-
triumf/triumf25;tri25_skl_r (9).JPG;https://drive.google.com/uc?export=download&id=1k6i7NfklqQA0jGVS78RmL__Z2UFttbU3
triumf/triumf25;tri25_skl_r (8).JPG;https://drive.google.com/uc?export=download&id=1gJVxriA8ILvXdZfbaFqg_UuaBGSTdGOx
triumf/triumf25;tri25_skl_r (7).JPG;https://drive.google.com/uc?export=download&id=1lD08zwszCG7SzMi5yIH_Q6k1hsUJJ-Za
triumf/triumf25;tri25_skl_r (6).JPG;https://drive.google.com/uc?export=download&id=106rfhyJ4OdvX8dJIPpNCj51oYgL7b-Pn
triumf/triumf25;tri25_skl_r (5).JPG;https://drive.google.com/uc?export=download&id=1cC3ZU4Jd14qwY9ms_EpzD46I04-wajfH
triumf/triumf25;tri25_skl_r (4).JPG;https://drive.google.com/uc?export=download&id=1sgh5vWOCJRknIG2cQQIvpwO4YmJiksKc
triumf/triumf25;tri25_skl_r (2).JPG;https://drive.google.com/uc?export=download&id=12geJJfZC8zZVxkaGUaqmclaUTuTuA9xo
triumf/triumf25;tri25_skl_r (3).JPG;https://drive.google.com/uc?export=download&id=1BJaTgGNcSxlbJDyc01oltoYP9vHCZ7B-
triumf/triumf25;tri25_skl_r (11).JPG;https://drive.google.com/uc?export=download&id=1zw0WcpN2JJH0JvphnNzPFeBvZGZNOqDP
triumf/triumf25;tri25_skl_r (10).JPG;https://drive.google.com/uc?export=download&id=1bDymjd4ujbDYUQiqsXEKKQ3Q6TTTqCB8
triumf/triumf25;tri25_skl_r (1).JPG;https://drive.google.com/uc?export=download&id=1XCAtfv6huA8RFW1U8akv_7zWfpb9fK-d
triumf/triumf25;tri25_skl_l (8).JPG;https://drive.google.com/uc?export=download&id=16zT8Ylcl_DCm6KgRKsYh2nX9iOjT3eKe
triumf/triumf25;tri25_skl_l (9).JPG;https://drive.google.com/uc?export=download&id=1xbT-KnHuULz1_souhxfqGPbJv0gLSdQM
triumf/triumf25;tri25_skl_l (7).JPG;https://drive.google.com/uc?export=download&id=1ezcxahoIsisGM5oIxp8Oaf3ueaynOxGl
triumf/triumf25;tri25_skl_l (6).JPG;https://drive.google.com/uc?export=download&id=1JFKsqAIhS8CX2mUbFdJ6d74JDIrsD30o
triumf/triumf25;tri25_skl_l (4).JPG;https://drive.google.com/uc?export=download&id=1AV6Mrl-KBGucZzTurkOGZXsXeXiOekXS
triumf/triumf25;tri25_skl_l (5).JPG;https://drive.google.com/uc?export=download&id=1Qqid01aZ6_A3md_i24e4CndSovzlAIS_
triumf/triumf25;tri25_skl_l (3).JPG;https://drive.google.com/uc?export=download&id=1BXhDxnX8RqLZbqo_WkDDQ1AppaNIedlf
triumf/triumf25;tri25_skl_l (2).JPG;https://drive.google.com/uc?export=download&id=1EgKPxeF49_LlDHiK889kiyTntXPRFKnp
triumf/triumf25;tri25_skl_l (11).JPG;https://drive.google.com/uc?export=download&id=1LTVII0YdRdTgTjkobttAJhfKmdJ1bENV
triumf/triumf25;tri25_skl_l (1).JPG;https://drive.google.com/uc?export=download&id=1O9sBCG7DBzpOrdVMCeUEoCO348fYXOOH
triumf/triumf25;tri25_skl_l (10).JPG;https://drive.google.com/uc?export=download&id=1H3an0yCDz7gRxx_-rqx3RZW5WNaX4x5v
triumf/triumf25;tri25_skl_fr (2).JPG;https://drive.google.com/uc?export=download&id=10u4i7N8hp6QqCEkdEWS4sGJ4h1382Uh1
triumf/triumf25;tri25_skl_fr (1).JPG;https://drive.google.com/uc?export=download&id=1n7B2p3dySblyeAdkT2eonh9W1CbI8j2V
triumf/triumf25;tri25_skl_b (2).JPG;https://drive.google.com/uc?export=download&id=1TNizZo92HIg7YfzcOFeyZNLFqe0yQzx4
triumf/triumf25;tri25_skl_b (1).JPG;https://drive.google.com/uc?export=download&id=11ur1krIgz8uwVVhUDmW5JBxfISViipAC
triumf/triumf25;tri25_osb_r (2).JPG;https://drive.google.com/uc?export=download&id=1w10LEgngMdDliv_Wb0IsoWN4hJX_PNvh
triumf/triumf25;tri25_osb_r (1).JPG;https://drive.google.com/uc?export=download&id=1N-y7WG3l1hHg5wxU_YEBNlnpK9T1NqKq
triumf/triumf25;tri25_osb_l (4).JPG;https://drive.google.com/uc?export=download&id=1hwxMtvxmTxHVzWVZ_1ejTIfgXlaPcB-I
triumf/triumf25;tri25_osb_l (3).JPG;https://drive.google.com/uc?export=download&id=1FNDYHaJjRvjy6fFOtMcA3peOfMG9-G2G
triumf/triumf25;tri25_osb_l (2).JPG;https://drive.google.com/uc?export=download&id=1_E4ecqZLVKi7R8CsYWupxMVuNto1Tlrn
triumf/triumf25;tri25_osb_l (1).JPG;https://drive.google.com/uc?export=download&id=1OyiH-apRAWascTPaFATT8LYej-0rHMWg
triumf/triumf25;tri25_osb_fr (2).JPG;https://drive.google.com/uc?export=download&id=1xRaUA6YUveDkm1N7rP5gCPJb-T3NZ0YJ
triumf/triumf25;tri25_osb_fr (1).JPG;https://drive.google.com/uc?export=download&id=1IBbbapiLiFCfoLnxB_IA3Zom5LWwFUcU
triumf/triumf25;tri25_lg_fr (3).JPG;https://drive.google.com/uc?export=download&id=1LM2Pb7a7mD9ilD7m2c92BElrSM_W5poB
triumf/triumf25;tri25_lg_fr (2).JPG;https://drive.google.com/uc?export=download&id=1FH8tHQmovNCB530ZJux83voxDrSuS9No
triumf/triumf25;tri25_lg_fr (1).JPG;https://drive.google.com/uc?export=download&id=1-bhIpYrjy8iLpBY6V8aVmPjVyY1S70o2
triumf/triumf25;tri25_lg_b (7).JPG;https://drive.google.com/uc?export=download&id=1ZHot6gQNdCTd9N7jYLG2wEw6btdVnYNB
triumf/triumf25;tri25_lg_b (8).JPG;https://drive.google.com/uc?export=download&id=1fW_dbh9Ki4sjQfTf4MzaBMj_5NH9oajQ
triumf/triumf25;tri25_lg_b (6).JPG;https://drive.google.com/uc?export=download&id=1PyRm2G4niarsOqAgdZGWjUyIm_MFmf-z
triumf/triumf25;tri25_lg_b (5).JPG;https://drive.google.com/uc?export=download&id=1mQr641sAsFxoqfj-DkGW59eLboPHE_H7
triumf/triumf25;tri25_lg_b (4).JPG;https://drive.google.com/uc?export=download&id=1jcg_w0aw6FOpuj4Jii_chC8k6TeiCC95
triumf/triumf25;tri25_lg_b (3).JPG;https://drive.google.com/uc?export=download&id=1jR6RR3Ofz_GDNH_HxNE-2zYqzQS_RgQc
triumf/triumf25;tri25_lg_b (2).JPG;https://drive.google.com/uc?export=download&id=1tsQ65eevwZxsaymcX-U9BwFAPRNTZRTD
triumf/triumf25;tri25_kr_r (6).JPG;https://drive.google.com/uc?export=download&id=1vcBdhiUVUcSbqfNpSUTp3w8s_90UNddJ
triumf/triumf25;tri25_lg_b (1).JPG;https://drive.google.com/uc?export=download&id=1z-BbJhHf0pRQh0L6Lb-U96udn7plPAJS
triumf/triumf25;tri25_kr_r (5).JPG;https://drive.google.com/uc?export=download&id=1pCUT70eYjXowHs1fV7as0SudpZ2IOR0G
triumf/triumf25;tri25_kr_r (4).JPG;https://drive.google.com/uc?export=download&id=1TbdGWOCR-aBF-vtDCpqSFtxnyfh7a2pi
triumf/triumf25;tri25_kr_r (3).JPG;https://drive.google.com/uc?export=download&id=1YC_Zbvdakf6kLOmbL-SBKbyh898EVgnx
triumf/triumf25;tri25_kr_r (2).JPG;https://drive.google.com/uc?export=download&id=17PDvHp793fLfbsHZYjE18pwOizXE5Jpc
triumf/triumf25;tri25_kr_r (1).JPG;https://drive.google.com/uc?export=download&id=12gVZ6vz6OiZ_YHDClS0oW8BX-x1H-qhA
triumf/triumf25;tri25_kr_l (3).JPG;https://drive.google.com/uc?export=download&id=1yKOtKH59iStsXYHqduzl2ruQoyqhCj3_
triumf/triumf25;tri25_kr_l (2).JPG;https://drive.google.com/uc?export=download&id=1P65UzN_MftyXAA4q0JNIDvaVRMvNlBVe
triumf/triumf25;tri25_kr_l (1).JPG;https://drive.google.com/uc?export=download&id=1hFwyBJqcti8PfrJDYcxnsXpaAVcrvtuR
triumf/triumf25;tri25_kr_fr (4).JPG;https://drive.google.com/uc?export=download&id=1lCCGpxMy0jy4hb5199kv1hmDesgGANZZ
triumf/triumf25;tri25_kr_fr (3).JPG;https://drive.google.com/uc?export=download&id=1QjmUgw9pJ8L1lENz68beQaZHHknts9cu
triumf/triumf25;tri25_kr_fr (2).JPG;https://drive.google.com/uc?export=download&id=1IyR0oRRubgdxGtHWD4DJEuYm6SmP39qs
triumf/triumf25;tri25_kr_fr (1).JPG;https://drive.google.com/uc?export=download&id=1FH6VIXWnmhzEYGRkhIzeLJe1GOgEazor
triumf/triumf25;tri25_kr_b (4).JPG;https://drive.google.com/uc?export=download&id=1EmS7zmNJkLMkZUybG9rHFVRk1VTbfkvF
triumf/triumf25;tri25_kr_b (2).JPG;https://drive.google.com/uc?export=download&id=1An4MtPibyEgNOvuzYqj5ow47XlhoXDn0
triumf/triumf25;tri25_kr_b (3).JPG;https://drive.google.com/uc?export=download&id=10lOKc-AkUjPoCN3hLIR_wE31Zy3J2sZd
triumf/triumf25;tri25_kr_b (1).JPG;https://drive.google.com/uc?export=download&id=1QCpXMI-dz2Kov3m5boo8RQ1UrhukWnab
triumf/triumf25;tri25_gb_fr (5).JPG;https://drive.google.com/uc?export=download&id=1TJcyZLOxVIBeOMo69FRVBtCsdTqYidFJ
triumf/triumf25;tri25_gb_fr (3).JPG;https://drive.google.com/uc?export=download&id=1igL_CyvC6KHjfP5DuEpro3-MrYOqoYwH
triumf/triumf25;tri25_gb_fr (4).JPG;https://drive.google.com/uc?export=download&id=1KQ2nGXRi2dNpdmiABxpdgmhu0WO9b840
triumf/triumf25;tri25_gb_fr (2).JPG;https://drive.google.com/uc?export=download&id=1C_f-Y95ccXJZ29CKJ76eYiFwic0Xr1fO
triumf/triumf25;tri25_gb_fr (1).JPG;https://drive.google.com/uc?export=download&id=1yaJIM4vtUCCkWWxDeSIPzHLEI1m3bKLV
triumf/triumf25;tri25_gb_b (2).JPG;https://drive.google.com/uc?export=download&id=19d5pQONPfxrIYkE1-jNdlQ7oi2thS0OG
triumf/triumf25;tri25_gb_b (1).JPG;https://drive.google.com/uc?export=download&id=1UPJ6B24TqyJDaV870Cu75jFncn-pDh6e
triumf/triumf15;tri15_skl_r (2).JPG;https://drive.google.com/uc?export=download&id=1HASX17mtyZQP3wH-pVNafcvdXctNuIIH
triumf/triumf15;tri15_skl_r (1).JPG;https://drive.google.com/uc?export=download&id=1g3-pfNPl8yaVU4MuIu3Qhd771lw4zzYI
triumf/triumf15;tri15_skl_l.JPG;https://drive.google.com/uc?export=download&id=1ddTI0Kh4gRJY_02P4Bfd20-TQzv2Eoz2
triumf/triumf15;tri15_skl_fr (2).JPG;https://drive.google.com/uc?export=download&id=15bWf1GrUb8XSzIlzUg-NQdL87kU04ZqB
triumf/triumf15;tri15_skl_fr (1).JPG;https://drive.google.com/uc?export=download&id=1oW7fqol0gFgGtcUwkz2efVpEGBkuf1Bj
triumf/triumf15;tri15_skl_b (3).JPG;https://drive.google.com/uc?export=download&id=1zs9Cybm3-0TyhYBf5ae39UFZigptL0HL
triumf/triumf15;tri15_skl_b (2).JPG;https://drive.google.com/uc?export=download&id=1Du7knQa1FG0yWrRiBKuVsHH976hcKoWJ
triumf/triumf15;tri15_skl_b (1).JPG;https://drive.google.com/uc?export=download&id=1jM2RISHTYJgVI-jZyHRNFrYRH5ksJJF7
triumf/triumf15;tri15_lg_r (2).JPG;https://drive.google.com/uc?export=download&id=1GE0O6zSpJoBTm26u4mb_8NoebB8q7JW2
triumf/triumf15;tri15_lg_r (1).JPG;https://drive.google.com/uc?export=download&id=1GTR8l-oBeu6tvBdG1cwgU18zTXxrR14F
triumf/triumf15;tri15_lg_l (5).JPG;https://drive.google.com/uc?export=download&id=1pWkEqkYtmcT7-tkiURA6_XXwOroa2jNo
triumf/triumf15;tri15_lg_l (4).JPG;https://drive.google.com/uc?export=download&id=1DtTIsr6bPmeWtrMQIDCQ0MmwPcVomurT
triumf/triumf15;tri15_lg_l (3).JPG;https://drive.google.com/uc?export=download&id=1pOARgbTzkcDvvurbSrFndwp3BeznHVCu
triumf/triumf15;tri15_lg_l (2).JPG;https://drive.google.com/uc?export=download&id=1XmaRrE-jkwk94jHzc0u655WyG7T-Rvz3
triumf/triumf15;tri15_lg_l (1).JPG;https://drive.google.com/uc?export=download&id=1BPJTXyNyv5CNa7EuWLW-Zhv4xg-CJR-s
triumf/triumf15;tri15_lg_b (3).JPG;https://drive.google.com/uc?export=download&id=1GLT0UrpKwy-plgZ28VsBAhylps1XJfqd
triumf/triumf15;tri15_lg_b (2).JPG;https://drive.google.com/uc?export=download&id=1PFM3ibkZ6ZkRIBDQb-SKts_NZkafAaTV
triumf/triumf15;tri15_lg_b (1).JPG;https://drive.google.com/uc?export=download&id=1QsgnFofVgqWRa0Nmc8smNepL3BN_hEaN
triumf/triumf15;tri15_kr_r (9).JPG;https://drive.google.com/uc?export=download&id=1q-eJ-Lr1CCJ4QvxWh_35h4-7x02Damve
triumf/triumf15;tri15_kr_r (8).JPG;https://drive.google.com/uc?export=download&id=11xom5wjBP1jRz4DyhwfON6aat_E4SuXl
triumf/triumf15;tri15_kr_r (7).JPG;https://drive.google.com/uc?export=download&id=17Hs93ZnmWeDw6jnbQMHeS1YTv56Hx-OS
triumf/triumf15;tri15_kr_r (6).JPG;https://drive.google.com/uc?export=download&id=1DvOPTLduEsgHQ6dZ-Z-O17UKRN3VihZg
triumf/triumf15;tri15_kr_r (5).JPG;https://drive.google.com/uc?export=download&id=1d0oJAkoBqnd4HxNqYCzl1oCc_tTuAMta
triumf/triumf15;tri15_kr_r (4).JPG;https://drive.google.com/uc?export=download&id=12JO_YxFoEopxAlFy2RlGVEoJtrIVpLzG
triumf/triumf15;tri15_kr_r (3).JPG;https://drive.google.com/uc?export=download&id=1RNcrk9ax5qMByOnk3b83V528kn2FSerD
triumf/triumf15;tri15_kr_r (2).JPG;https://drive.google.com/uc?export=download&id=1fbE9ffdpSNCnwcEs1Tm4w77vDADW_sZ2
triumf/triumf15;tri15_kr_r (10).JPG;https://drive.google.com/uc?export=download&id=1wLALooyzu-aADfg5pA38sDEQcoNuTqe7
triumf/triumf15;tri15_kr_r (1).JPG;https://drive.google.com/uc?export=download&id=12ID45kKRqLZ-rt5T9Yr5fRiIzPp6CmeD
triumf/triumf15;tri15_kr_mkr (3).JPG;https://drive.google.com/uc?export=download&id=1uVkA8IVTmM9tkVKE1WYaDDDbO1O-Val4
triumf/triumf15;tri15_kr_mkr (2).JPG;https://drive.google.com/uc?export=download&id=1_x-gLRFKZqfQa2Dap2Nym2PmK2FbmORm
triumf/triumf15;tri15_kr_mkr (1).JPG;https://drive.google.com/uc?export=download&id=1tFd9lvXOxK8YkFOkuki1QY9klIuHGBoP
triumf/triumf15;tri15_kr_l (5).JPG;https://drive.google.com/uc?export=download&id=1gLaC5vFkbevZIbo-J6DkQsmXk9ZXK3CV
triumf/triumf15;tri15_kr_l (4).JPG;https://drive.google.com/uc?export=download&id=1CKfoLskmPi1CVZMhBeMqhG8P1bQpnSyD
triumf/triumf15;tri15_kr_l (3).JPG;https://drive.google.com/uc?export=download&id=1qx1dyi20WaWNERyeuFYqStJIA6zWF_P8
triumf/triumf15;tri15_kr_l (2).JPG;https://drive.google.com/uc?export=download&id=1GrGFshyH4uPbEQdEuxguiVPi-iIwkPpi
triumf/triumf15;tri15_kr_l (1).JPG;https://drive.google.com/uc?export=download&id=15eGKED8tc6Pb4J2JjZ90OQot9nJnIeNK
triumf/triumf15;tri15_kr_fr (3).JPG;https://drive.google.com/uc?export=download&id=1370wo1XpuNKRRUNhv-FYSpgDbupjdTR_
triumf/triumf15;tri15_kr_fr (2).JPG;https://drive.google.com/uc?export=download&id=19UgkU6iDm5PQB-IEZ2j1KqhY7ulKmBj9
triumf/triumf15;tri15_kr_b (4).JPG;https://drive.google.com/uc?export=download&id=13oKxvjhEJ26Pli79t2m3ekSBkkPOmba1
triumf/triumf15;tri15_kr_fr (1).JPG;https://drive.google.com/uc?export=download&id=1p7JTH9rRwKAtzuyhIhh9rJZNbqHt2zQR
triumf/triumf15;tri15_kr_b (3).JPG;https://drive.google.com/uc?export=download&id=1AVEwDJUCNbc9cSto0Hhy645O6SQ_g560
triumf/triumf15;tri15_kr_b (2).JPG;https://drive.google.com/uc?export=download&id=1bSikRXqEPBljl7ns3Xv-nkOU40vNM2_S
triumf/triumf15;tri15_kr_b (1).JPG;https://drive.google.com/uc?export=download&id=157tQ0CJ4JpXtmxft0YslI0MI4BsVQxMr
triumf/triumf15;tri15_gb_r.JPG;https://drive.google.com/uc?export=download&id=1gpyxfFG1xcu1hR9bW7WqL7FbKrv_bhzx
triumf/triumf15;tri15_gb_mkr.JPG;https://drive.google.com/uc?export=download&id=1X_R9ky1_Sut6vr5Ne8rwR2uWane_vPWh
triumf/triumf15;tri15_gb_l.JPG;https://drive.google.com/uc?export=download&id=1knzE3UF4r2oLq3StT-j6injlYWJLd_2i
triumf/triumf15;tri15_gb_fr.JPG;https://drive.google.com/uc?export=download&id=1iwynGB8iEhZ2vtP9mMqVP2I2wD3T9zvQ
triumf/triumf15;tri15_gb_b (2).JPG;https://drive.google.com/uc?export=download&id=1F2c0IJ_bTx6mSbmj_UUoA8mBpAKpUXME
triumf/triumf15;tri15_gb_b (1).JPG;https://drive.google.com/uc?export=download&id=1iVZzIlfno8sTT9m8r9P-zFRmIztfySO7
triumf/triumf +3;tri(3in)_lg (5).JPG;https://drive.google.com/uc?export=download&id=1l8K4nxvomiViC3HOi5H8D32MY9nqbodz
triumf/triumf +3;tri(3in)_lg (3).JPG;https://drive.google.com/uc?export=download&id=18CryJSI4YAxpXr_Xtawmfx4k4e7sazYx
triumf/triumf +3;tri(3in)_lg (4).JPG;https://drive.google.com/uc?export=download&id=1tioHCEMAyL_7rXU2SDpKsGGmB7ztrzOH
triumf/triumf +3;tri(3in)_lg (1).JPG;https://drive.google.com/uc?export=download&id=1gOERHg-y-Enpnfg04z4Bn44dE_kM1d2x
triumf/triumf +3;tri(3in)_lg (2).JPG;https://drive.google.com/uc?export=download&id=1QytW7H_CD1NiK1WJSpDV9Okxg8nuHIZU
triumf/triumf;tri_lg_r (7).JPG;https://drive.google.com/uc?export=download&id=1FSLsXO2cPK-P025VZIOxICJLJwAgmgmZ
triumf/triumf;tri_lg_r (6).JPG;https://drive.google.com/uc?export=download&id=1XdHxeU71i0msK7VPDAh5KPmH5FNTXHmM
triumf/triumf;tri_lg_r (3).JPG;https://drive.google.com/uc?export=download&id=17z0mteEXEMLCQvkv04JBxc0HjZnDYRJ-
triumf/triumf;tri_lg_r (5).JPG;https://drive.google.com/uc?export=download&id=1jtcojba6d7blN13BgvUiuOjHkOA8sJiU
triumf/triumf;tri_lg_r (4).JPG;https://drive.google.com/uc?export=download&id=1uEvkvjPhavhRYvtbllKS17OICOSgU4MF
triumf/triumf;tri_lg_r (1).JPG;https://drive.google.com/uc?export=download&id=1XHS568dN13J72r_Iybn1mm-JNwf2VrN1
triumf/triumf;tri_lg_r (2).JPG;https://drive.google.com/uc?export=download&id=1qmBWQmMHkFCD9Q1Xlfgw6dLRQxXGbUm3
triumf/triumf;tri_lg_mkr (5).JPG;https://drive.google.com/uc?export=download&id=1O8qFVtI_JFEQXm7k6ZgpS26vNtflj5HX
triumf/triumf;tri_lg_mkr (3).JPG;https://drive.google.com/uc?export=download&id=1TsG-TjG29jqOWnCAMu7XEbN0tsflK5_o
triumf/triumf;tri_lg_mkr (4).JPG;https://drive.google.com/uc?export=download&id=15ojxamqFpZg44gUGAVG3ZVcYbzi7XrTk
triumf/triumf;tri_lg_mkr (1).JPG;https://drive.google.com/uc?export=download&id=1Qod0yrw8EKW9IiN5gktMBpFSb9p_nOys
triumf/triumf;tri_lg_mkr (2).JPG;https://drive.google.com/uc?export=download&id=12ccmxitJ-gXc_oSILUHOuohPkoTW0KT0
triumf/triumf;tri_lg_l (5).JPG;https://drive.google.com/uc?export=download&id=1rLkRFw6UAw1kbHjLWGFnMr0KSxYnB5b0
triumf/triumf;tri_lg_l (3).JPG;https://drive.google.com/uc?export=download&id=1Zqw_O08ctUmj-0zBCETn_IFdgirO2bR9
triumf/triumf;tri_lg_l (4).JPG;https://drive.google.com/uc?export=download&id=1ghz8jsqbpEI6IMRHhnSGidlqfOXPdM9D
triumf/triumf;tri_lg_l (2).JPG;https://drive.google.com/uc?export=download&id=19JmsBHk63BYsaSC9R0QVP1eV-f_ymPUY
triumf/triumf;tri_lg_l (1).JPG;https://drive.google.com/uc?export=download&id=1V3uWDfbN_zcI9c_t4aIEh_9WEFlBIqZO
triumf/triumf;tri_kr_r (2).JPG;https://drive.google.com/uc?export=download&id=1ezFkbW0LKw9rbS0byczZYKUmaz_WheLL
triumf/triumf;tri_kr_r (1).JPG;https://drive.google.com/uc?export=download&id=1hZVPbJgqTB8Q_rG8zBwZYioSaQ_Yte1u
triumf/triumf;tri_kr_l (2).JPG;https://drive.google.com/uc?export=download&id=1eRokl4aRVIco63JY7XjEHMNyg1jmSfLb
triumf/triumf;tri_kr_l (1).JPG;https://drive.google.com/uc?export=download&id=1HyjC7t1FHRNQro-j_-iS7Y-4BA7GBOFI
triumf/triumf;tri_kr_fr.JPG;https://drive.google.com/uc?export=download&id=1_vBse3e-SWHaFRgJaVRQs5m3AFhoNuAB
triumf/triumf +2;tri(2in)_lg_r (4).JPG;https://drive.google.com/uc?export=download&id=1CurolZKUoOSt1qtR4nn2bSZ-i9gwScUg
triumf/triumf +2;tri(2in)_lg_r (2).JPG;https://drive.google.com/uc?export=download&id=1-h5sRRtnYHyjxkX_8IxMGttEWygPflUb
triumf/triumf +2;tri(2in)_lg_r (3).JPG;https://drive.google.com/uc?export=download&id=18JFnSycgahkB_z8LPuKreYLXGi0U0tEo
triumf/triumf +2;tri(2in)_lg_r (1).JPG;https://drive.google.com/uc?export=download&id=1aE_TnpPkSZy7bXzij1NtLLwMEvrGogvW
triumf/triumf +2;tri(2in)_lg_mkr.JPG;https://drive.google.com/uc?export=download&id=15aJheP6XUz7U-uAxlYi_A0ajmFAK4xBh
triumf/triumf +2;tri(2in)_lg_l (4).JPG;https://drive.google.com/uc?export=download&id=1KJSqNBPOXPghgK_Rkgywo0t-c9wMRqt-
triumf/triumf +2;tri(2in)_lg_l (3).JPG;https://drive.google.com/uc?export=download&id=1OP1URuc2JeW2mbrky2iFsD27I8ZDL_fk
triumf/triumf +2;tri(2in)_lg_l (1).JPG;https://drive.google.com/uc?export=download&id=12URof7LEJJ4H3oUjvt_Tfc8YCfq0RYJ9
triumf/triumf +2;tri(2in)_lg_l (2).JPG;https://drive.google.com/uc?export=download&id=1I30He-nbTbJ7mH9iwsWkpLGoCvnov7nP
triumf/triumf +2;tri(2in)_lg_fr (3).JPG;https://drive.google.com/uc?export=download&id=1a9PxAHTbMkU4W-UEEWRylVlFeTJ-5RZF
triumf/triumf +2;tri(2in)_lg_fr (2).JPG;https://drive.google.com/uc?export=download&id=1O4gIkxeOmjtT7C3fHKK9gtbtZPhL5JdU
triumf/triumf +2;tri(2in)_lg_fr (1).JPG;https://drive.google.com/uc?export=download&id=1GhC_JGZ1CHrTqNqpD4jOZzoKVowpN30o
musson/musson600;msn600_skl_r (3).JPG;https://drive.google.com/uc?export=download&id=1-KdQqOV48S9Bq1jfCfoGv9tRBsp_KezM
musson/musson600;msn600_skl_r (2).JPG;https://drive.google.com/uc?export=download&id=16sr6gJbjHrrzk9AHIZ-18A4eeEG7sCuw
musson/musson600;msn600_skl_r (1).JPG;https://drive.google.com/uc?export=download&id=16B7cRyqJhajLoJXXMrW1wavFbPahPnCh
musson/musson600;msn600_skl_l (4).JPG;https://drive.google.com/uc?export=download&id=19EUupev-_mCKcywY2tU_DjvJ1ilhBgZV
musson/musson600;msn600_skl_l (3).JPG;https://drive.google.com/uc?export=download&id=1KQdRaT9GAIEz9LhiCffibsA-Bq5mMkBn
musson/musson600;msn600_skl_l (2).JPG;https://drive.google.com/uc?export=download&id=1bZdb-ueE2K2eAxqMN84oiU11lauMITJo
musson/musson600;msn600_skl_l (1).JPG;https://drive.google.com/uc?export=download&id=1VC5rEI2dMj8mFgcuZT1w1f_dstRn2U-8
musson/musson600;msn600_skl_fr.JPG;https://drive.google.com/uc?export=download&id=1kthEY702FED5AeDVozUFZ8jJueH7VvS7
musson/musson600;msn600_skl_b (2).JPG;https://drive.google.com/uc?export=download&id=1-avHRxwIehOPOgstjfGJP540e44PMRvA
musson/musson600;msn600_skl_b (1).JPG;https://drive.google.com/uc?export=download&id=17yP2LWe9JscGnIOQdJqanVZzJI_aPSjf
musson/musson600;msn600_lg_r (6).JPG;https://drive.google.com/uc?export=download&id=1Pwzj_LTnhAv1_jsNu5g5JHxE7g4-T-YK
musson/musson600;msn600_lg_r (5).JPG;https://drive.google.com/uc?export=download&id=16gED_p3UPVWL9XES4K_1m0GhMj-jsizq
musson/musson600;msn600_lg_r (4).JPG;https://drive.google.com/uc?export=download&id=1T6G6fwAqYbEtqvcuQtlcNvSsNGbjctza
musson/musson600;msn600_lg_r (3).JPG;https://drive.google.com/uc?export=download&id=1i7HOKCLoXCqJxxWmUxI-BrCeSp9fb7RC
musson/musson600;msn600_lg_r (2).JPG;https://drive.google.com/uc?export=download&id=11O6dlfgDZXPrZFqZ1a6vOamaZrgIduCz
musson/musson600;msn600_lg_r (1).JPG;https://drive.google.com/uc?export=download&id=1QesxStL5ZzmJz7YjOaVAgq-KA01vXMfl
musson/musson600;msn600_lg_l (4).JPG;https://drive.google.com/uc?export=download&id=1QAVSiUnfS0x0oTF68G1BXj7bmsWxH1-p
musson/musson600;msn600_lg_l (3).JPG;https://drive.google.com/uc?export=download&id=1B6xkXL1jNxGZMowA-UA5cZG5PbsQZGyS
musson/musson600;msn600_lg_l (2).JPG;https://drive.google.com/uc?export=download&id=1xC2qCteIcwWRnfA8ZFllMHwxXzIxQYBV
musson/musson600;msn600_lg_fr (3).JPG;https://drive.google.com/uc?export=download&id=11kkkcQx54cK2haoWu6mpUT5gB31k6RYt
musson/musson600;msn600_lg_l (1).JPG;https://drive.google.com/uc?export=download&id=1I08-mz_G4lnDxvg9z-DHWOaRdNSKIm2d
musson/musson600;msn600_lg_fr (2).JPG;https://drive.google.com/uc?export=download&id=1QUCrX4QQEvLhGVgeYJDSDbjJn9KjdFWt
musson/musson600;msn600_lg_fr (1).JPG;https://drive.google.com/uc?export=download&id=15OOfhtFF1VF_S9eR47HATxcVjEOTUuTX
musson/musson600;msn600_lg_b (3).JPG;https://drive.google.com/uc?export=download&id=1pdZYXUcBkiTSSuFgqEL99WaIrVlEzeS8
musson/musson600;msn600_lg_b (2).JPG;https://drive.google.com/uc?export=download&id=1y678Sbz8Fefp50qs1E-fm9voMr647oQo
musson/musson600;msn600_lg_b (1).JPG;https://drive.google.com/uc?export=download&id=1NcXlAsVLG61t1DREqwA6uw8VrB7MOr8L
musson/musson600;msn600_kr_r (7).JPG;https://drive.google.com/uc?export=download&id=10_lk2ViWBr_gHyKZ5YpN6ndO5qh75d01
musson/musson600;msn600_kr_r (5).JPG;https://drive.google.com/uc?export=download&id=1tA5N1_9x1iKxLXYUQtd5S_cTFv-YMlTZ
musson/musson600;msn600_kr_r (6).JPG;https://drive.google.com/uc?export=download&id=14t6kNHV6DfC6NWmZS9PETskdyDq4tx5S
musson/musson600;msn600_kr_r (2).JPG;https://drive.google.com/uc?export=download&id=1U70YzyqtvIzzZxWGiGibKs-kXKjIM6Ih
musson/musson600;msn600_kr_r (3).JPG;https://drive.google.com/uc?export=download&id=1Gdf438oQgmYltwnagRa2VPP5j8gNS6ql
musson/musson600;msn600_kr_r (4).JPG;https://drive.google.com/uc?export=download&id=1asCH_nWxG9CafJKf66m8Mk2s35D5Rhav
musson/musson600;msn600_kr_r (1).JPG;https://drive.google.com/uc?export=download&id=1jFOJUnSKlmKFQrg8W3yPVae_8FWal8Dd
musson/musson600;msn600_kr_l (4).JPG;https://drive.google.com/uc?export=download&id=1k3WEqVfGPPqpEsvmngqHyC7TWZNyoSQq
musson/musson600;msn600_kr_l (3).JPG;https://drive.google.com/uc?export=download&id=1U3c0-G-haWndbNduG8QBCRHMde5Fd-Tj
musson/musson600;msn600_kr_l (2).JPG;https://drive.google.com/uc?export=download&id=1Ljk3Nv-hGIdJRhzflHl3fLV07g1kVQJU
musson/musson600;msn600_kr_l (1).JPG;https://drive.google.com/uc?export=download&id=1zZfgU05k3PeYv5cVr3xGfx6RTRPY3KNH
musson/musson600;msn600_kr_b (3).JPG;https://drive.google.com/uc?export=download&id=18XrqJPxln57kgZGkEwMUvdhwiZhS-GXP
musson/musson600;msn600_cl (9).jpg;https://drive.google.com/uc?export=download&id=19XZmgel-gVGDxojRtO3OSKBgMBu8Y3j-
musson/musson600;msn600_kr_b (1).JPG;https://drive.google.com/uc?export=download&id=11Rxq0oNR4GIqXsav1Eqk5Z5VmY9IwFfQ
musson/musson600;msn600_kr_b (2).JPG;https://drive.google.com/uc?export=download&id=1jMfk6g4vJWUrEter5jRF3VrsPcKJGeTz
musson/musson600;msn600_cl (5).jpg;https://drive.google.com/uc?export=download&id=1fhX_OcfAZFmINhNZsgG-CUp-oFOv_iv1
musson/musson600;msn600_cl (7).jpg;https://drive.google.com/uc?export=download&id=1PsGegqqehMd6ePM9XtzOZBaSgnhJFRma
musson/musson600;msn600_cl (8).jpg;https://drive.google.com/uc?export=download&id=1B_clXbgqA9Hi2CcL7MbobMQlnjBvQ1Dj
musson/musson600;msn600_cl (6).jpg;https://drive.google.com/uc?export=download&id=1772rL4t2DaU3QhrJ3IuKWdOhCuKUNmlD
musson/musson600;msn600_cl (3).jpg;https://drive.google.com/uc?export=download&id=1cMyQsVyIqEifip55a4NUS88wD9FHI2Em
musson/musson600;msn600_cl (4).jpg;https://drive.google.com/uc?export=download&id=1ehKIWRTGyUki5-aCWBXj1HjvvBxLEv1k
musson/musson600;msn600_cl (1).jpg;https://drive.google.com/uc?export=download&id=1U-SOcQYmuAzalBoyLArKmw7T78jGf1Ri
musson/musson600;msn600_cl (10).jpg;https://drive.google.com/uc?export=download&id=12Ba1AUnHyW9Fq9sdhdev6AcieCuA2p1K
musson/musson600;msn600_cl (2).jpg;https://drive.google.com/uc?export=download&id=1kDETleViZbdKufSK1KXhoEAi8ZssR7UV
musson/musson300;msn300_skl_r.JPG;https://drive.google.com/uc?export=download&id=1g0UehW6-0MiLrY5RA_pw2lWBVtEUcCBw
musson/musson300;msn300_skl_l (6).JPG;https://drive.google.com/uc?export=download&id=1Pk5Aati3vDCCbxA3RDrE9dJILsOjy9Nv
musson/musson300;msn300_skl_l (5).JPG;https://drive.google.com/uc?export=download&id=1oFkpucAfrYEKOSg8BZrnPSBrTtO9ynjD
musson/musson300;msn300_skl_l (4).JPG;https://drive.google.com/uc?export=download&id=1ilkk8p5ol3UMkSiyPLRwoKW-rea_gO6L
musson/musson300;msn300_skl_l (3).JPG;https://drive.google.com/uc?export=download&id=1wlJs0O4VO5Vcr-t1ReSW6axyggs2KmqK
musson/musson300;msn300_skl_l (1).JPG;https://drive.google.com/uc?export=download&id=1iAl1lcQgvLIgftfugOwkrpQn1QfIeDNi
musson/musson300;msn300_skl_l (2).JPG;https://drive.google.com/uc?export=download&id=1oh4ZqBA9uTr650XusCp8CTIs65vfcbhr
musson/musson300;msn300_skl_fr (2).JPG;https://drive.google.com/uc?export=download&id=1IzNskbvHHAblMlAqcBNVBe4HyKkPZa77
musson/musson300;msn300_skl_b.JPG;https://drive.google.com/uc?export=download&id=1rNJbPlfmiJYpDt9u7d7eLjM_lQZix3ul
musson/musson300;msn300_skl_fr (1).JPG;https://drive.google.com/uc?export=download&id=1QCdn9sZiYWSyqnGGGnJPraRMwlQI5-1f
musson/musson300;msn300_lg_r (9).JPG;https://drive.google.com/uc?export=download&id=1aqHv3xuPa3GRZlVkWAXhd0F_HhREQ5CW
musson/musson300;msn300_lg_r (8).JPG;https://drive.google.com/uc?export=download&id=1dpicGqgn5hHiBfcQqA0unI5wMhhQmiYa
musson/musson300;msn300_lg_r (7).JPG;https://drive.google.com/uc?export=download&id=1tYLVnLvLAeeWcydTXvv485PNPE38Nidl
musson/musson300;msn300_lg_r (6).JPG;https://drive.google.com/uc?export=download&id=1tgxfS0M3myCWYf6CFNwJt9ZZFyA_AL9d
musson/musson300;msn300_lg_r (4).JPG;https://drive.google.com/uc?export=download&id=13dUPP-PtFidkX2oQfp5Ws0R9zDlGWGmv
musson/musson300;msn300_lg_r (5).JPG;https://drive.google.com/uc?export=download&id=1PLA_KS7PgDmwTyOin0qMTEGjaYCX4SpU
musson/musson300;msn300_lg_r (2).JPG;https://drive.google.com/uc?export=download&id=1HOCMSd5ITqGAkW6qt6DEQILEgubp0sxt
musson/musson300;msn300_lg_r (10).JPG;https://drive.google.com/uc?export=download&id=1GpiiTBLroKPWUVjgq2tTllPdonmBtxlt
musson/musson300;msn300_lg_r (3).JPG;https://drive.google.com/uc?export=download&id=1ipDHC9ZyeYV_SOvpPQgcMV9bwqve1AXv
musson/musson300;msn300_lg_r (1).JPG;https://drive.google.com/uc?export=download&id=1SR6lvSiYl9pbIgKLWANWI7iWI2dRycSl
musson/musson300;msn300_lg_l (6).JPG;https://drive.google.com/uc?export=download&id=1iPFb-NgszRCGvCsd4KYp2OoTOCHYoPxS
musson/musson300;msn300_lg_l (5).JPG;https://drive.google.com/uc?export=download&id=18sajB2mNfWR6xf1HDG97ClKJyVJB3tQU
musson/musson300;msn300_lg_l (4).JPG;https://drive.google.com/uc?export=download&id=1as7wSH31uIsospi7VMIHRsDDc0lasvFS
musson/musson300;msn300_lg_l (1).JPG;https://drive.google.com/uc?export=download&id=1RtRW1wABPCsgLMRC_if5_ALdkVYShr94
musson/musson300;msn300_lg_l (3).JPG;https://drive.google.com/uc?export=download&id=1bTY_309YjdRq7jEwUqfih3P8CscFYnBg
musson/musson300;msn300_lg_l (2).JPG;https://drive.google.com/uc?export=download&id=1EHLzMypQch7nTfA9a3sb-zqxZdGhWT-J
musson/musson300;msn300_lg_fr (2).JPG;https://drive.google.com/uc?export=download&id=1IwCznSC1JzLWt861_zfmStIrE3nM3db3
musson/musson300;msn300_lg_fr (1).JPG;https://drive.google.com/uc?export=download&id=1bLxWjThqe9sIdHTPrr4fRqKsNDN0U3sN
musson/musson300;msn300_kr_r (8).JPG;https://drive.google.com/uc?export=download&id=1YQzCGPOj3DdJC-aqhx1EaXqGChMPigbQ
musson/musson300;msn300_kr_r (7).JPG;https://drive.google.com/uc?export=download&id=1JgiQfH5R74vjsQuaDMLXb7_qpITWJlrI
musson/musson300;msn300_kr_r (6).JPG;https://drive.google.com/uc?export=download&id=1BZwX7u_0z_UVhs4jrRmm0g0vzdlFgAs4
musson/musson300;msn300_kr_r (5).JPG;https://drive.google.com/uc?export=download&id=18jPONkwBmuoHBGYm5FDf1ShSo10l_LgR
musson/musson300;msn300_kr_r (3).JPG;https://drive.google.com/uc?export=download&id=1xLdkbAyK8APC-mSaDbrblW-BgzNxnQaZ
musson/musson300;msn300_kr_r (4).JPG;https://drive.google.com/uc?export=download&id=1alV2O7U7VYwW8jhySY0uu4KpTp5kQntl
musson/musson300;msn300_kr_r (2).JPG;https://drive.google.com/uc?export=download&id=1ukkiitOrchgxXO_d7m_fBgI4m9Gwsqw4
musson/musson300;msn300_kr_r (1).JPG;https://drive.google.com/uc?export=download&id=1RNKvJyN7fCFqV4npEX3NyDqN_G9rJory
musson/musson300;msn300_kr_l (6).JPG;https://drive.google.com/uc?export=download&id=1yzhWQPFGA0e4O9q9FEDfBaMQ46Zv0XgM
musson/musson300;msn300_kr_l (5).JPG;https://drive.google.com/uc?export=download&id=1orkBGo47Oes3bLf1U3GDN-lTITR77jmM
musson/musson300;msn300_kr_l (4).JPG;https://drive.google.com/uc?export=download&id=1hgNX1EZsXH-7OiCzveEQmJDKcVs27_1Y
musson/musson300;msn300_kr_l (3).JPG;https://drive.google.com/uc?export=download&id=1d5fPbyvIigZw8mIir-dqKquCbsOsvEtD
musson/musson300;msn300_kr_l (2).JPG;https://drive.google.com/uc?export=download&id=1uTWA36_bn1RXOV-9EO8c63zLMfq4joFY
musson/musson300;msn300_kr_l (1).JPG;https://drive.google.com/uc?export=download&id=1tK0uZue-myriwnxpoK-tTJ1gb4R1Clex
musson/musson300;msn300_kr_fr (2).JPG;https://drive.google.com/uc?export=download&id=1L2DKQJJGkZYpORPC0lEQ3-3KXAqzVTZR
musson/musson300;msn300_kr_fr (1).JPG;https://drive.google.com/uc?export=download&id=1FdbQlcce2G5peW0m-OhXqAzBxsyTezrE
musson/musson300;msn300_kr_b (9).JPG;https://drive.google.com/uc?export=download&id=15e_4DN0B3omV_JuWCjWmt6GtZuVeNuue
musson/musson300;msn300_kr_b (8).JPG;https://drive.google.com/uc?export=download&id=1rJHzBFtMDfSZxiZwPoNqQ5UK9nqcIxQX
musson/musson300;msn300_kr_b (7).JPG;https://drive.google.com/uc?export=download&id=19YTDy97XTeruHiPS7YbeCppOLxAVyEsC
musson/musson300;msn300_kr_b (6).JPG;https://drive.google.com/uc?export=download&id=1Z0Yvi0lBPa_uAHpbo3GLqv9S0HPnREk0
musson/musson300;msn300_kr_b (5).JPG;https://drive.google.com/uc?export=download&id=1t6tJRuFzbfkqh7dI69n2cUsGI8J2XHW9
musson/musson300;msn300_kr_b (4).JPG;https://drive.google.com/uc?export=download&id=1kFGZaDrZhauD_Gr2Y_vxBrsK9GNfN_cX
musson/musson300;msn300_kr_b (3).JPG;https://drive.google.com/uc?export=download&id=1GuSbQwo7WKDILk8aHxcAynAe2eFu9URD
musson/musson300;msn300_kr_b (10).JPG;https://drive.google.com/uc?export=download&id=1HCgIzFndyZvjN4Cbxq7rHXSNMHmisoFl
musson/musson300;msn300_kr_b (2).JPG;https://drive.google.com/uc?export=download&id=1IyTRHKD7lcmC6RWCSAZ8Y1Mk5K9eFtm9
musson/musson300;msn300_kr_b (1).JPG;https://drive.google.com/uc?export=download&id=12jWpOSJYFYo6rgsR-70T9MnQ3gbBb7J_
musson/musson300;msn-cl (8).jpg;https://drive.google.com/uc?export=download&id=1nD8BwQR1PIboISVSm8u-7thG_rFIUG93
musson/musson300;msn-cl (7).jpg;https://drive.google.com/uc?export=download&id=1V8RX4aZmFL7u1i8vVDfye9vaM0AUlhm8
musson/musson300;msn-cl (9).jpg;https://drive.google.com/uc?export=download&id=1LurpppVZ7gL1O-wPerZKLRKMmMkturlX
musson/musson300;msn-cl (5).jpg;https://drive.google.com/uc?export=download&id=1rap_a0t558rU5HfPfnTc_iZBBJC7Zwll
musson/musson300;msn-cl (4).jpg;https://drive.google.com/uc?export=download&id=1N18JSPADLCcyRoxH1xPsWo3VQQosAqKi
musson/musson300;msn-cl (4).png;https://drive.google.com/uc?export=download&id=11T2frfdw05IaZaIc3hxn-0F79nPyWaT2
musson/musson300;msn-cl (6).jpg;https://drive.google.com/uc?export=download&id=1YOQi3lACVC8daGHwBH1lbLxi5O1n7K2Q
musson/musson300;msn-cl (2).png;https://drive.google.com/uc?export=download&id=1Po_rjHR0GgEIype-trKso8yY3xeeBh-8
musson/musson300;msn-cl (3).jpg;https://drive.google.com/uc?export=download&id=1HFRqNkMfKQMyh-MP5J6L9sUzNGIJDaqC
musson/musson300;msn-cl (3).png;https://drive.google.com/uc?export=download&id=1Dr8xS4GbxWaP27ST1-lR3eKbn0lLp_pW
musson/musson300;msn-cl (2).jpg;https://drive.google.com/uc?export=download&id=1UeyikuEutGr63ixabHIG9APqWi3UqnE9
musson/musson300;msn-cl (12).jpg;https://drive.google.com/uc?export=download&id=1o44Ojdqqd3pUuciDFoNAhsjej-54HwPJ
musson/musson300;msn-cl (11).jpg;https://drive.google.com/uc?export=download&id=13InobaILvv49SZ7svhwTIeJaRfU-04Ne
musson/musson300;msn-cl (1).jpg;https://drive.google.com/uc?export=download&id=1hNpE_YHFBKtg-fRQrPXA7YIUYl4Nuj5l
musson/musson300;msn-cl (1).png;https://drive.google.com/uc?export=download&id=15Ylmrx6-TlMwkQniccV_mBRoz4HNhjam
musson/musson300;msn-cl (10).jpg;https://drive.google.com/uc?export=download&id=1_zvZ3Qcqj2SKspMzjImD1ic5rMfUyXNP
musson/musson1000;msn1000_skl_r (9).JPG;https://drive.google.com/uc?export=download&id=1HcB3YCSn5557iq0CyfX4tQL3G8s6OF0G
musson/musson1000;msn1000_skl_r (8).JPG;https://drive.google.com/uc?export=download&id=1LOzT2w0j6VgNeIBBOkH3qNkI4oigyNhH
musson/musson1000;msn1000_skl_r (7).JPG;https://drive.google.com/uc?export=download&id=1sViJSpeAKRW4FxmBXbFD-7RuBIgEuOcn
musson/musson1000;msn1000_skl_r (6).JPG;https://drive.google.com/uc?export=download&id=1KTYJQzIQAbTMe4mdQXhtg5I-RP712lq-
musson/musson1000;msn1000_skl_r (5).JPG;https://drive.google.com/uc?export=download&id=1ffNIE_PHDa0QLEXauXdQwXll4P-Io5m8
musson/musson1000;msn1000_skl_r (4).JPG;https://drive.google.com/uc?export=download&id=12i372_-wIgqJcE93jJnVWdyjPGh1nLfN
musson/musson1000;msn1000_skl_r (3).JPG;https://drive.google.com/uc?export=download&id=1fEPBthVrClodGTRDdy0DMnXLnkIhjFHS
musson/musson1000;msn1000_skl_r (2).JPG;https://drive.google.com/uc?export=download&id=14eK3hxarZr4woHv2vPVM5hmeGy5RdVjK
musson/musson1000;msn1000_skl_r (11).JPG;https://drive.google.com/uc?export=download&id=1Ng-S8hfSLCCk24Ly2t1SXLMatz83f1mm
musson/musson1000;msn1000_skl_r (10).JPG;https://drive.google.com/uc?export=download&id=1dF0WrT8jarz60NSql--AAeReYeEQMBgk
musson/musson1000;msn1000_skl_r (1).JPG;https://drive.google.com/uc?export=download&id=1Sp7Lpamfb_EoBxWnzBTO0rY7P3BNasgY
musson/musson1000;msn1000_skl_l (9).JPG;https://drive.google.com/uc?export=download&id=1pGCGPpUIk6GP0yumum50kL9aDL9kJgca
musson/musson1000;msn1000_skl_l (8).JPG;https://drive.google.com/uc?export=download&id=1T5gihAaKwCO1FTnUf4yvcMvDXXUnissy
musson/musson1000;msn1000_skl_l (7).JPG;https://drive.google.com/uc?export=download&id=1_QwPIF-_C_oiY0dktxgpyr3rxTuxIE8F
musson/musson1000;msn1000_skl_l (6).JPG;https://drive.google.com/uc?export=download&id=1tPWXrphPV2fXEHi0extR5GkzvxDxFYnQ
musson/musson1000;msn1000_skl_l (5).JPG;https://drive.google.com/uc?export=download&id=1AqSrspMnZOwwdmW-_OAFr1bNBeCGn3Ws
musson/musson1000;msn1000_skl_l (4).JPG;https://drive.google.com/uc?export=download&id=1DMr75PMJCiaJGxYWXa9ZxNoelmWmEycM
musson/musson1000;msn1000_skl_l (3).JPG;https://drive.google.com/uc?export=download&id=183THbAl8fc7GbcjV7XXK3dEOcCOviwp9
musson/musson1000;msn1000_skl_l (2).JPG;https://drive.google.com/uc?export=download&id=1cjpquMyWccnWosKvBkTuU2X0F0NTFxcn
musson/musson1000;msn1000_skl_l (10).JPG;https://drive.google.com/uc?export=download&id=1b1fDBjY_Bz72rYkDz1saRElZw--1hKT6
musson/musson1000;msn1000_skl_l (1).JPG;https://drive.google.com/uc?export=download&id=1F_bIQcLRJgbiGs0PwKNtJcJqHcPliIUF
musson/musson1000;msn1000_skl_fr (2).JPG;https://drive.google.com/uc?export=download&id=1mAqI87KnR1A31Uwazm1y-yd2aYI2sR-C
musson/musson1000;msn1000_skl_fr (1).JPG;https://drive.google.com/uc?export=download&id=1z5gibRYmYSjVuKOoDL7Bw2bQPYj_gcdO
musson/musson1000;msn1000_lg_r (9).JPG;https://drive.google.com/uc?export=download&id=1J9dhz-B-O2HxHJ0ocC0lTirdSXT0fttF
musson/musson1000;msn1000_lg_r (8).JPG;https://drive.google.com/uc?export=download&id=1VWenjjh2zogYM6BJ-AiwlEQA-sigqB1X
musson/musson1000;msn1000_lg_r (7).JPG;https://drive.google.com/uc?export=download&id=1VhKFa9aDp9Kt95o7aZmzd9ExoKocFLWO
musson/musson1000;msn1000_lg_r (6).JPG;https://drive.google.com/uc?export=download&id=1uQU9VZMj0oPycF0P79O_KMZjeP6Fl8gO
musson/musson1000;msn1000_lg_r (5).JPG;https://drive.google.com/uc?export=download&id=1lloKF0oEwfdHa1Ic_qxUP-d0gg9PCpLe
musson/musson1000;msn1000_lg_r (4).JPG;https://drive.google.com/uc?export=download&id=1Se8FngXli8uPfKMURUNsiGGV2DEBE0EE
musson/musson1000;msn1000_lg_r (3).JPG;https://drive.google.com/uc?export=download&id=1Hnd5_UizAwjFZMbcwrMkouuLRwBEgfg7
musson/musson1000;msn1000_lg_r (2).JPG;https://drive.google.com/uc?export=download&id=1fNHyvd5yYF8kczqGxXwlqM_5lnzSXh30
musson/musson1000;msn1000_lg_r (12).JPG;https://drive.google.com/uc?export=download&id=1Blr3DkgkfLP4AIfNsmLdXPRP5GuoG836
musson/musson1000;msn1000_lg_r (11).JPG;https://drive.google.com/uc?export=download&id=1w9TRKmdzD_f9ISiYOs8_NtPklo33x1bW
musson/musson1000;msn1000_lg_r (10).JPG;https://drive.google.com/uc?export=download&id=17ZWX4s8U0ovHDrDbb87JCNbwu4o1X0eN
musson/musson1000;msn1000_lg_r (1).JPG;https://drive.google.com/uc?export=download&id=100qNrpbLrxE-ac1nCTwc-F_IsJnroix1
musson/musson1000;msn1000_lg_l (6).JPG;https://drive.google.com/uc?export=download&id=12aqMcSsICSTcdAWSREE-o2gA5FUDKsAw
musson/musson1000;msn1000_lg_l (5).JPG;https://drive.google.com/uc?export=download&id=1z2TTUmqVFFF153Gb7YgXZwJZ_oypbppE
musson/musson1000;msn1000_lg_l (4).JPG;https://drive.google.com/uc?export=download&id=1qDp6l830G57htoPBcJJd4QZ5LmadPrDb
musson/musson1000;msn1000_lg_l (3).JPG;https://drive.google.com/uc?export=download&id=1yKkKZh-yBu3S0Qe93W0szzFV-rfX9OSz
musson/musson1000;msn1000_lg_l (2).JPG;https://drive.google.com/uc?export=download&id=1KCys4OHCMKdxULmIBeksA-AIiZ580zTW
musson/musson1000;msn1000_lg_fr (3).JPG;https://drive.google.com/uc?export=download&id=1IOwsoHC0c5CEyKyr7uqyDXziu9vWpAJW
musson/musson1000;msn1000_lg_l (1).JPG;https://drive.google.com/uc?export=download&id=1f_jMtT2r7UKSZ7dThV3YLUDhVyzvsCCQ
musson/musson1000;msn1000_lg_fr (2).JPG;https://drive.google.com/uc?export=download&id=1ooclFARXRWvMZDPiADO6BSRnL96xB_fA
musson/musson1000;msn1000_lg_fr (1).JPG;https://drive.google.com/uc?export=download&id=1TJK5t-cZCjM63Ds97lAcHsi-USE9LNlU
musson/musson1000;msn1000_kr_r (8).JPG;https://drive.google.com/uc?export=download&id=1GKNPZRXXVjv2Zkt4HtuDk3d0K2vwWb9d
musson/musson1000;msn1000_kr_r (7).JPG;https://drive.google.com/uc?export=download&id=1PWgAo36IDjFzo483S5GABNxqZhOYYHhJ
musson/musson1000;msn1000_kr_r (5).JPG;https://drive.google.com/uc?export=download&id=1r7a8SFXLmUnccdByDXy0DQGTjsZUwJAr
musson/musson1000;msn1000_kr_r (6).JPG;https://drive.google.com/uc?export=download&id=1cPPZzVN9SsAmIpHtbw6Dmvi0ahFSxKYU
musson/musson1000;msn1000_kr_r (4).JPG;https://drive.google.com/uc?export=download&id=1gKIQyjXosDgzIWDyXb4jJqNjHl2qkQwX
musson/musson1000;msn1000_kr_r (3).JPG;https://drive.google.com/uc?export=download&id=1tEAkqx6rpKqLQOZ6KpSWBZ4_DIJBq-Ft
musson/musson1000;msn1000_kr_r (2).JPG;https://drive.google.com/uc?export=download&id=1Y_-RlbgSZcPMIHvScUnFtLEOKLbo153X
musson/musson1000;msn1000_kr_r (1).JPG;https://drive.google.com/uc?export=download&id=1JiBfqiFSAx7sD7iqUpbj9-RVW_ed9Y_J
musson/musson1000;msn1000_kr_l (9).JPG;https://drive.google.com/uc?export=download&id=18VYo6UGtR7mKrmQ3Ob3xDiIqmUpJzNu-
musson/musson1000;msn1000_kr_l (8).JPG;https://drive.google.com/uc?export=download&id=1fXReZeSIv1HCm8erBgodG47jlpJhXJxl
musson/musson1000;msn1000_kr_l (7).JPG;https://drive.google.com/uc?export=download&id=1sUvjco2bUbq5_Y4_5lb3DyY7v2GMCack
musson/musson1000;msn1000_kr_l (6).JPG;https://drive.google.com/uc?export=download&id=1lrEn3StMBR5-jVREMbpcM43yhWxo_6WT
musson/musson1000;msn1000_kr_l (5).JPG;https://drive.google.com/uc?export=download&id=1yYHqNIK52_J0vQmrEZwWLYDRbyujg-TT
musson/musson1000;msn1000_kr_l (4).JPG;https://drive.google.com/uc?export=download&id=1AAoYCDgBr5L_aQNJJIXF3Fqbd8nZQc2E
musson/musson1000;msn1000_kr_l (3).JPG;https://drive.google.com/uc?export=download&id=1VNxAeVQxEOsuAuRSAb9d84COQROwx2DU
musson/musson1000;msn1000_kr_l (2).JPG;https://drive.google.com/uc?export=download&id=1jA0D7vhOZjCSLQl830J_pmZx_bajRjij
musson/musson1000;msn1000_kr_l (12).JPG;https://drive.google.com/uc?export=download&id=14BCSztT_9pt6XT7Xqndvjy2FJ11KnIpl
musson/musson1000;msn1000_kr_l (11).JPG;https://drive.google.com/uc?export=download&id=1_hZLPrCTYzvKXyFOuh0jWm7IkXkVfgpZ
musson/musson1000;msn1000_kr_l (10).JPG;https://drive.google.com/uc?export=download&id=1VEThrclgO2wRMfW7m69GFcQUToXwRQ4K
musson/musson1000;msn1000_kr_l (1).JPG;https://drive.google.com/uc?export=download&id=1QSNa6Hymm4UD2quo0kOzxgwYnF1-plV0
musson/musson1000;msn1000_kr_fr (6).JPG;https://drive.google.com/uc?export=download&id=1LBOGdASAy5oyXN7H4ANBNLehwnFy4EId
musson/musson1000;msn1000_kr_fr (5).JPG;https://drive.google.com/uc?export=download&id=1sLxuBN-07qEF1WMe_ODAMqCpk3u9xow9
musson/musson1000;msn1000_kr_fr (4).JPG;https://drive.google.com/uc?export=download&id=1G7vnv3v1Q_eGfIxQpTLaAn1tyNJUrr1C
musson/musson1000;msn1000_kr_fr (3).JPG;https://drive.google.com/uc?export=download&id=1KuQZ8XXl76sOWQxg1NZWVEA-1M0mDnOq
musson/musson1000;msn1000_kr_fr (2).JPG;https://drive.google.com/uc?export=download&id=1mDkF60trSJjbzpD2pkdZcCx1DYITGyXS
musson/musson1000;msn1000_kr_fr (1).JPG;https://drive.google.com/uc?export=download&id=140gS8m_7m4J6HK2wu5f3fFw3lTlmkfwB
musson/musson1000;msn1000_kr_b (6).JPG;https://drive.google.com/uc?export=download&id=17Yv5yejrETIgnyS29xHVa3-_XbBTxQES
musson/musson1000;msn1000_kr_b (5).JPG;https://drive.google.com/uc?export=download&id=1_-8q0KZjlQCA-NwTVwZd7gZ7ygNLOVaB
musson/musson1000;msn1000_kr_b (4).JPG;https://drive.google.com/uc?export=download&id=1bkC49lD8Wh8gpx6THzXI4SiWiJTLgEP_
musson/musson1000;msn1000_kr_b (3).JPG;https://drive.google.com/uc?export=download&id=1OImbtgK3uqPAcVop9fGwMqcrmKRx_ENu
musson/musson1000;msn1000_kr_b (2).JPG;https://drive.google.com/uc?export=download&id=1U2P8eZ02nbC4A2ubHUjf27gsogtBWZIv
musson/musson1000;msn1000_kr_b (1).JPG;https://drive.google.com/uc?export=download&id=1xWrRx7iwboYGIJ4qAtb9HCoM2-pN5Mrb
musson/musson2000;msn2000_skl_r (6).JPG;https://drive.google.com/uc?export=download&id=1poPN0Qi6WyRBHnrvCm84pmq8ptwUwzAq
musson/musson2000;msn2000_skl_r (5).JPG;https://drive.google.com/uc?export=download&id=10usmhxjx4oAKFYoNPtPuxNla_MBpwOoF
musson/musson2000;msn2000_skl_r (4).JPG;https://drive.google.com/uc?export=download&id=1lZs4NsRXqx5jJw26HetzKx3yMzQKwi2z
musson/musson2000;msn2000_skl_r (3).JPG;https://drive.google.com/uc?export=download&id=1_EH52sBMw7UWl24wuZpSghrPdPtdYuTK
musson/musson2000;msn2000_skl_r (2).JPG;https://drive.google.com/uc?export=download&id=1Of4Ann2L_pFz-yZRGodRHisZHf5dtpcm
musson/musson2000;msn2000_skl_r (1).JPG;https://drive.google.com/uc?export=download&id=1-O3lzqesOwZW2yPD8VhGQZCp9eVPqYfV
musson/musson2000;msn2000_skl_mkr.JPG;https://drive.google.com/uc?export=download&id=1y5VYDbRSpWLO8j60oru9M5AoG2_KDZop
musson/musson2000;msn2000_skl_l (9).JPG;https://drive.google.com/uc?export=download&id=1mtYJBXVlzAK-EeKwNPcd4L5QJHfIJbfq
musson/musson2000;msn2000_skl_l (8).JPG;https://drive.google.com/uc?export=download&id=1CGuTfgn_ni79S68rcjOTpblSjwG-N1C3
musson/musson2000;msn2000_skl_l (7).JPG;https://drive.google.com/uc?export=download&id=1kZCJHY9Oy4QOsGjDO_wmkQr4btGNIKHX
musson/musson2000;msn2000_skl_l (6).JPG;https://drive.google.com/uc?export=download&id=1_EsNIEOxYjPC15SN1XrHvde_3pJI5ob3
musson/musson2000;msn2000_skl_l (5).JPG;https://drive.google.com/uc?export=download&id=1n0cJPDNjGS7AhK4yK-WY0t6yDTiUC7wR
musson/musson2000;msn2000_skl_l (4).JPG;https://drive.google.com/uc?export=download&id=1cXZBFjzlvMg1Z3G7xWiCYy4-UxhB1GDp
musson/musson2000;msn2000_skl_l (3).JPG;https://drive.google.com/uc?export=download&id=13tqqn10lidcmiEJE3sRrm4ZEWS-Z5P7U
musson/musson2000;msn2000_skl_l (2).JPG;https://drive.google.com/uc?export=download&id=1_it_n1tjH8rdYrXuUfQNgV_-8dzCXo3-
musson/musson2000;msn2000_skl_l (1).JPG;https://drive.google.com/uc?export=download&id=1U1tt9KpjMjTunOnMMdV2d4AMP7RDAhTY
musson/musson2000;msn2000_skl_fr (3).JPG;https://drive.google.com/uc?export=download&id=1edMx97ergZOBh7IanncqElgGnnMyFtZu
musson/musson2000;msn2000_skl_fr (2).JPG;https://drive.google.com/uc?export=download&id=1eXZwEtNHpK0wosBF1hbrqWsYbKoDpvh0
musson/musson2000;msn2000_skl_fr (1).JPG;https://drive.google.com/uc?export=download&id=1FsiVOA-73LrjKPeTAsE97cfL3-_OHIki
musson/musson2000;msn2000_skl_b (2).JPG;https://drive.google.com/uc?export=download&id=195qnqHTFPd_wV8b79UwHmXAokNkQoiUQ
musson/musson2000;msn2000_skl_b (1).JPG;https://drive.google.com/uc?export=download&id=1vADgFRndlkvOgNMustS-skUhyVNggEyx
musson/musson2000;msn2000_lg_r (7).JPG;https://drive.google.com/uc?export=download&id=1HzbJn1XPA0u3-2ZaIq93QvXOssVv-ipO
musson/musson2000;msn2000_lg_r (6).JPG;https://drive.google.com/uc?export=download&id=1nTcDt9fX5cRgaZ8F7zZ6F7E33SPYOSoR
musson/musson2000;msn2000_lg_r (5).JPG;https://drive.google.com/uc?export=download&id=1t0qnX6Z5lO6xSn9F-Oik9pQtmIp-pxP3
musson/musson2000;msn2000_lg_r (4).JPG;https://drive.google.com/uc?export=download&id=18YAQ0b-EPKaxmcIi2k6SYrl6pYsQs2oa
musson/musson2000;msn2000_lg_r (3).JPG;https://drive.google.com/uc?export=download&id=1asS8glkyidRMb9qy_-Bv_Lo5PoDaBTEe
musson/musson2000;msn2000_lg_r (2).JPG;https://drive.google.com/uc?export=download&id=1FEXf0kFcGUkj0FB01llGH9hm4uqk8Zlu
musson/musson2000;msn2000_lg_r (1).JPG;https://drive.google.com/uc?export=download&id=1RNAIpFHf3JM6sO4O6bXXzcinYXHpfJ_8
musson/musson2000;msn2000_lg_l (7).JPG;https://drive.google.com/uc?export=download&id=1c6PCpDI-D10B3Lzvvi9ENrDl5AR0LW5q
musson/musson2000;msn2000_lg_l (6).JPG;https://drive.google.com/uc?export=download&id=1YGofQ0yl9Nnxcvta8rOAGa7fITa77Mc8
musson/musson2000;msn2000_lg_l (5).JPG;https://drive.google.com/uc?export=download&id=15kYwuonzswGq6fMYmUpTyU26_qwyupDF
musson/musson2000;msn2000_lg_l (4).JPG;https://drive.google.com/uc?export=download&id=1lmd_rra9trDW86UhobpaP-obdp0S4F2b
musson/musson2000;msn2000_lg_l (3).JPG;https://drive.google.com/uc?export=download&id=11RXZhlLRmoHzi_EutrbtJnf3_h-3H_xK
musson/musson2000;msn2000_lg_l (2).JPG;https://drive.google.com/uc?export=download&id=1u5It2ZBTsgreKcS6qxJcKiZ6b06GXYOZ
musson/musson2000;msn2000_lg_l (1).JPG;https://drive.google.com/uc?export=download&id=1zpSoeGaxXpdtM3DYMOixMFJFNnxQ95iO
musson/musson2000;msn2000_lg_fr (5).JPG;https://drive.google.com/uc?export=download&id=1r9OF4piN-IMZdR4mKiMYL6Kff6WA7rwc
musson/musson2000;msn2000_lg_fr (4).JPG;https://drive.google.com/uc?export=download&id=1x7h8t21JTMfrPfW962hEmitpJ9-QIFuZ
musson/musson2000;msn2000_lg_fr (3).JPG;https://drive.google.com/uc?export=download&id=1CdHsf_iYbt-sImIKgAzMMJHNTQCcv-xJ
musson/musson2000;msn2000_lg_fr (2).JPG;https://drive.google.com/uc?export=download&id=1FrZTVExa7mo2dnlu0dNRWaqYuvaAllXY
musson/musson2000;msn2000_lg_fr (1).JPG;https://drive.google.com/uc?export=download&id=1csRcVNRQs9qvqx55Sq9j3laEbugTqfUE
musson/musson2000;msn2000_kr_r (9).JPG;https://drive.google.com/uc?export=download&id=1gSA70Jce4-raXebBfsgT9jU-_VR02YYi
musson/musson2000;msn2000_kr_r (8).JPG;https://drive.google.com/uc?export=download&id=1vo2KbsmlO7UwMkHb96_or8P1YJFDrzix
musson/musson2000;msn2000_kr_r (7).JPG;https://drive.google.com/uc?export=download&id=1NIuGYpJtWC0PHcWLiCB6pbhiDIW4HZfS
musson/musson2000;msn2000_kr_r (6).JPG;https://drive.google.com/uc?export=download&id=1pfAUjR-5Kqm5cNTHinXNno98-ratsUiD
musson/musson2000;msn2000_kr_r (5).JPG;https://drive.google.com/uc?export=download&id=1yNicImqDOR9dDeiA8dZlErV1bSDTnHQL
musson/musson2000;msn2000_kr_r (4).JPG;https://drive.google.com/uc?export=download&id=15jT2-xXRwr0mn6dDTPW64MmHtWmcz5_d
musson/musson2000;msn2000_kr_r (3).JPG;https://drive.google.com/uc?export=download&id=1U7ftW72qYlJIYG3csMh5wbLWC-z2J3Ix
musson/musson2000;msn2000_kr_r (2).JPG;https://drive.google.com/uc?export=download&id=1lppINsv6a5Hm1dlXtW7a_r-ggrXKvf2V
musson/musson2000;msn2000_kr_r (10).JPG;https://drive.google.com/uc?export=download&id=1W-i9ayA-a7U1KkjDlPK5qyuFeEZWkKOr
musson/musson2000;msn2000_kr_r (1).JPG;https://drive.google.com/uc?export=download&id=1jacVyxWoot5ACa3IQn1KRD-MXr9Cx5LH
musson/musson2000;msn2000_kr_l (9).JPG;https://drive.google.com/uc?export=download&id=1XUCW-v-RH3TGaZhle1txfWqqYqRYMbhw
musson/musson2000;msn2000_kr_l (8).JPG;https://drive.google.com/uc?export=download&id=1pceL6pe3n2MzdDkIECOpwxzm6bnjz7pj
musson/musson2000;msn2000_kr_l (7).JPG;https://drive.google.com/uc?export=download&id=1CFUIzlgG4lfChMWkBZGVy7CZuMmCmDZu
musson/musson2000;msn2000_kr_l (6).JPG;https://drive.google.com/uc?export=download&id=1EFJLsRO6GhiyvJNF2aj20VnVwBlfdYUu
musson/musson2000;msn2000_kr_l (5).JPG;https://drive.google.com/uc?export=download&id=1qm7WcTBKK5DbQVhk83R3A1nWPkYQOnQD
musson/musson2000;msn2000_kr_l (4).JPG;https://drive.google.com/uc?export=download&id=1NrsFbMY7uzucAJRkEd9vFR40Uaw2ZquV
musson/musson2000;msn2000_kr_l (3).JPG;https://drive.google.com/uc?export=download&id=188XYaZwCHXoiDmBHLoYiJUEdlWm9OCIa
musson/musson2000;msn2000_kr_l (2).JPG;https://drive.google.com/uc?export=download&id=1N45kCJRK744OBb-5ObDjKD7duasvDAcA
musson/musson2000;msn2000_kr_l (15).JPG;https://drive.google.com/uc?export=download&id=1VbxeEo_NEcSgA2QrA2Gr44-_5-5okGJw
musson/musson2000;msn2000_kr_l (14).JPG;https://drive.google.com/uc?export=download&id=13OXAq4w_N9WO-wezTAxnrEiPyeStNj9a
musson/musson2000;msn2000_kr_l (13).JPG;https://drive.google.com/uc?export=download&id=1nG495qYypEJIrEkNyvbCK6JIimBy5SNj
musson/musson2000;msn2000_kr_l (12).JPG;https://drive.google.com/uc?export=download&id=1E4W8DAUFw0GA10YSgAJnoCbC3INTwCww
musson/musson2000;msn2000_kr_l (11).JPG;https://drive.google.com/uc?export=download&id=1sWJjKxTj7powYGZhC7qCvdiQ6cSHptxm
musson/musson2000;msn2000_kr_l (10).JPG;https://drive.google.com/uc?export=download&id=14aIA3smlO6zmKNT_thogAjItpYvp3Vld
musson/musson2000;msn2000_kr_l (1).JPG;https://drive.google.com/uc?export=download&id=1Gkd_nGEapXscDEV_sOSLBl4y_BNklLmJ
musson/musson2000;msn2000_kr_fr (3).JPG;https://drive.google.com/uc?export=download&id=1YLY3aTCAMLljxopgRO1X2NV69tl_WeQK
musson/musson2000;msn2000_kr_fr (2).JPG;https://drive.google.com/uc?export=download&id=16jAwLyE_jTfZZR7NMd4RzUCbbBec_0rr
musson/musson2000;msn2000_kr_fr (1).JPG;https://drive.google.com/uc?export=download&id=1UQGlNYr6isPZ-JmfwpasGn_BzaiDIOZS
musson/musson2000;msn2000_kr_b (9).JPG;https://drive.google.com/uc?export=download&id=1HMm-xf3sYo5qjHKol5k5aVNOscDsoRiL
musson/musson2000;msn2000_kr_b (8).JPG;https://drive.google.com/uc?export=download&id=1Hs9Vb_axRVeCWZAfo3Yi303GEHV5WO3K
musson/musson2000;msn2000_kr_b (7).JPG;https://drive.google.com/uc?export=download&id=18XHhrSYwO5S-1wy5fBFw43gcJjhy3Yv1
musson/musson2000;msn2000_kr_b (6).JPG;https://drive.google.com/uc?export=download&id=1W4oRNTDLXO7CYOn-O0d8AXvdzFl2MmTC
musson/musson2000;msn2000_kr_b (5).JPG;https://drive.google.com/uc?export=download&id=10Pb3pRFFPQ5PA_KN_6Dg3ukyHwUvqKRm
musson/musson2000;msn2000_kr_b (4).JPG;https://drive.google.com/uc?export=download&id=1q6HLkG2dDlCgZ3-rP1i2M4ohah7CVBju
musson/musson2000;msn2000_kr_b (3).JPG;https://drive.google.com/uc?export=download&id=1XnDPgdTpl1U1xQMrUt6eg0O6Vlm5yJvw
musson/musson2000;msn2000_kr_b (2).JPG;https://drive.google.com/uc?export=download&id=1oOYqrlmev0WRcGoV5mvvFx7pcE8uG8LL
musson/musson2000;msn2000_kr_b (13).JPG;https://drive.google.com/uc?export=download&id=1e-Wq6TmXbI0gcv4ZEkIiKzLmr6JT9PKr
musson/musson2000;msn2000_kr_b (12).JPG;https://drive.google.com/uc?export=download&id=1v4Rg0VGGkgxwUAfxYqOQ83u6VvHjWOR6
musson/musson2000;msn2000_kr_b (11).JPG;https://drive.google.com/uc?export=download&id=1n7UElPPThuV3g4VEW-X5DWqQzMullQR5
musson/musson2000;msn2000_kr_b (10).JPG;https://drive.google.com/uc?export=download&id=1fawnMd4BW0L2Ee4Be-qc0guKzSwKaUTu
musson/musson2000;msn2000_kr_b (1).JPG;https://drive.google.com/uc?export=download&id=1toFAlquALKPlI-y7bW969go08Bw-UPhl
musson/musson;msn_lg_r (2).JPG;https://drive.google.com/uc?export=download&id=1A3EZCd3p092et0PEAWqSrKXNKeQFFeqS
musson/musson;msn_lg_r (3).JPG;https://drive.google.com/uc?export=download&id=1N66hPgz4z05BYjwOq5fRuBHOi4MWgYQ2
musson/musson;msn_lg_r (1).jpg;https://drive.google.com/uc?export=download&id=1lEIGtlb8EZkrEp4Bu6C-4A1pf3N4TnlO
musson/musson;msn_lg_mkr (2).JPG;https://drive.google.com/uc?export=download&id=1sw7fH-p3c_OdCeAIFKAfEJ4dh0rMayDh
musson/musson;msn_lg_l (2).JPG;https://drive.google.com/uc?export=download&id=1D-6LVVSXVEvVInSQnl8LCBo6Wp9HogPb
musson/musson;msn_lg_l (1).JPG;https://drive.google.com/uc?export=download&id=1DmFejMnbg5GB58dMEUHOLCO-1WrS2kCY
musson/musson;msn_lg_mkr (1).JPG;https://drive.google.com/uc?export=download&id=1g0yTbbv0zdELodeJp_4nCQ9z8jeU5sF8
musson/musson;msn_lg_fr (4).JPG;https://drive.google.com/uc?export=download&id=1e6C69v7Z1BLDV5rOfbEjwlfJKmfhxIA0
musson/musson;msn_lg_fr (2).JPG;https://drive.google.com/uc?export=download&id=1fn1esLDxuz7E76ZL9Glr0vg8HKT7akWe
musson/musson;msn_lg_fr (3).jpg;https://drive.google.com/uc?export=download&id=1D7NXZw9Su2NYoBKyypIiSsjHI41EwQm1
musson/musson;msn_lg_fr (1).JPG;https://drive.google.com/uc?export=download&id=1DXtSnjB_E7W1pYKsNo6_3SoWYftN0lqO
musson/musson +2-3;msn(3in)_lg_r (8).JPG;https://drive.google.com/uc?export=download&id=11GXiKR5qSNJSZfkkKFJVBeBQNH9OCCu_
musson/musson +2-3;msn(3in)_lg_r (6).JPG;https://drive.google.com/uc?export=download&id=1PX7T1WLKOLxev9MQf5u0X5wM3xIebnwJ
musson/musson +2-3;msn(3in)_lg_r (5).JPG;https://drive.google.com/uc?export=download&id=1cc2f3M3VkOD05Q3QlqM4Rpp8IY7u7Pfu
musson/musson +2-3;msn(3in)_lg_r (7).JPG;https://drive.google.com/uc?export=download&id=1yjSzH6jOgIJHQii1s6vLkoFWrVwT8ewe
musson/musson +2-3;msn(3in)_lg_r (3).JPG;https://drive.google.com/uc?export=download&id=1XeSWTvY-GmQXfFlyzPx5RXMl6DhzWQBK
musson/musson +2-3;msn(3in)_lg_r (4).JPG;https://drive.google.com/uc?export=download&id=1dfIUvfCXqFQR5QbLpyfDr7b24KLSRGnB
musson/musson +2-3;msn(3in)_lg_r (1).JPG;https://drive.google.com/uc?export=download&id=1vahENYB-u9rIo-TOGQgsx4sZ2MWp18cL
musson/musson +2-3;msn(3in)_lg_l (9).JPG;https://drive.google.com/uc?export=download&id=1n1kXzVaVbdVv1b8jIWZcY2SDK2Q641Yt
musson/musson +2-3;msn(3in)_lg_r (2).JPG;https://drive.google.com/uc?export=download&id=1LU4z4N7hpAEMxr6dknc2KIOwVXBm-UvS
musson/musson +2-3;msn(3in)_lg_l (7).JPG;https://drive.google.com/uc?export=download&id=1FoYgmK1IQVIOVjNWoCQFdIB_fKSYQ-w6
musson/musson +2-3;msn(3in)_lg_l (6).JPG;https://drive.google.com/uc?export=download&id=1-Bsx9TkaYkvQ88FKD11SOJuLYcAG-G8E
musson/musson +2-3;msn(3in)_lg_l (8).JPG;https://drive.google.com/uc?export=download&id=1F0lW785v5eHgnIpX9ztqEcKWX2wwB2WB
musson/musson +2-3;msn(3in)_lg_l (4).JPG;https://drive.google.com/uc?export=download&id=1h7Qm4sH79aVJF-Oo1_wzZOJ5NjkunvYc
musson/musson +2-3;msn(3in)_lg_l (5).JPG;https://drive.google.com/uc?export=download&id=1QPM3npk87scjSpH3hQoNlSA9FKBSGqUg
musson/musson +2-3;msn(3in)_lg_l (3).JPG;https://drive.google.com/uc?export=download&id=1ij8x0FAoVa5bTgCnrIDaxIYzBoEd45-4
musson/musson +2-3;msn(3in)_lg_l (2).JPG;https://drive.google.com/uc?export=download&id=1EmOQCQ5FY1hItm4rLoCwH0_iano-V2bk
musson/musson +2-3;msn(3in)_lg_l (12).JPG;https://drive.google.com/uc?export=download&id=1hdEVDxHr4HslSaQxkq6mAELadf4Malns
musson/musson +2-3;msn(3in)_lg_l (1).JPG;https://drive.google.com/uc?export=download&id=1-UEDzTJZ_l-A6FyCmQ4jI08JgwEzw5w2
musson/musson +2-3;msn(3in)_lg_l (11).JPG;https://drive.google.com/uc?export=download&id=1c9QBUNW_VZISe1HSY4WvWM-i0G8DD4ga
musson/musson +2-3;msn(3in)_lg_l (10).JPG;https://drive.google.com/uc?export=download&id=1SvQVuMnuk58W-VS0XwqKixfOMjdG04vD
musson/musson +2-3;msn(3in)_lg_fr (6).JPG;https://drive.google.com/uc?export=download&id=1LyNB8cFxdWoq1giNwPh8dtwsLLrifIzP
musson/musson +2-3;msn(3in)_lg_fr (5).JPG;https://drive.google.com/uc?export=download&id=1TK_6xYpvecBDytLN9fT4TkgLwLSB5i3o
musson/musson +2-3;msn(3in)_lg_fr (2).JPG;https://drive.google.com/uc?export=download&id=1U6S7ZI9r30DzABktn4VCCWumriHsSxJN
musson/musson +2-3;msn(3in)_lg_fr (3).JPG;https://drive.google.com/uc?export=download&id=1bLeeIRsS8f6BlUxfTqT409wYL7VPNVsY
musson/musson +2-3;msn(3in)_lg_fr (4).JPG;https://drive.google.com/uc?export=download&id=1nRtV_4jX03wQOE_cMrK82UDATdgf_if2
musson/musson +2-3;msn(3in)_lg_fr (1).JPG;https://drive.google.com/uc?export=download&id=1N2G04m1qYr5cLr6dnTyGj6nIdVCEV09v
